attribute,global_step,epoch,train_loss,eval_loss,learning_rate,grad_norm,timestamp
complexity,10,0.039900,0.93914589,,2.22222222222e-05,0.31250000,2026-06-30T09:06:46.469354+00:00
complexity,20,0.079800,0.90324769,,4.44444444444e-05,0.33789062,2026-06-30T09:06:53.207960+00:00
complexity,20,0.079800,0.90280306,0.93189998,4.44444444444e-05,0.33789062,2026-06-30T09:07:07.745117+00:00
complexity,30,0.119701,0.83567979,,6.66666666667e-05,0.38085938,2026-06-30T09:07:15.130602+00:00
complexity,40,0.159601,0.88125480,,8.88888888889e-05,0.34570312,2026-06-30T09:07:22.116239+00:00
complexity,40,0.159601,0.75162882,0.89066161,8.88888888889e-05,0.34570312,2026-06-30T09:07:36.187368+00:00
complexity,50,0.199501,0.83565551,,9.99929119899e-05,0.36523438,2026-06-30T09:07:43.206936+00:00
complexity,60,0.239401,0.78203101,,9.9913197517e-05,0.36132812,2026-06-30T09:07:50.254565+00:00
complexity,60,0.239401,0.65471119,0.87525687,9.9913197517e-05,0.36132812,2026-06-30T09:08:04.324624+00:00
complexity,70,0.279302,0.87820007,,9.97450660095e-05,0.32617188,2026-06-30T09:08:11.965216+00:00
complexity,80,0.319202,0.87969646,,9.94888484544e-05,0.32812500,2026-06-30T09:08:18.744817+00:00
complexity,80,0.319202,0.85990071,0.87062617,9.94888484544e-05,0.32812500,2026-06-30T09:08:32.803702+00:00
complexity,90,0.359102,0.88922186,,9.91450492468e-05,0.35546875,2026-06-30T09:08:40.294019+00:00
complexity,100,0.399002,0.85333241,,9.87143451969e-05,0.34375000,2026-06-30T09:08:46.714339+00:00
complexity,100,0.399002,0.91306412,0.86815871,9.87143451969e-05,0.34375000,2026-06-30T09:09:00.762050+00:00
complexity,110,0.438903,0.82765766,,9.81975841974e-05,0.33398438,2026-06-30T09:09:08.164887+00:00
complexity,120,0.478803,0.80460747,,9.75957835546e-05,0.34570312,2026-06-30T09:09:14.890733+00:00
complexity,120,0.478803,0.88762748,0.86727002,9.75957835546e-05,0.34570312,2026-06-30T09:09:28.957537+00:00
complexity,130,0.518703,0.83596946,,9.69101279854e-05,0.33007812,2026-06-30T09:09:36.303267+00:00
complexity,140,0.558603,0.84839579,,9.61419672853e-05,0.35937500,2026-06-30T09:09:42.929830+00:00
complexity,140,0.558603,0.88526011,0.86561591,9.61419672853e-05,0.35937500,2026-06-30T09:09:56.995548+00:00
complexity,150,0.598504,0.79989213,,9.52928136711e-05,0.36328125,2026-06-30T09:10:04.233165+00:00
complexity,160,0.638404,0.79448953,,9.43643388039e-05,0.38476562,2026-06-30T09:10:10.741826+00:00
complexity,160,0.638404,0.77955472,0.86480085,9.43643388039e-05,0.38476562,2026-06-30T09:10:24.812190+00:00
complexity,170,0.678304,0.80713775,,9.33583704983e-05,0.26171875,2026-06-30T09:10:32.229137+00:00
complexity,180,0.718204,0.77769037,,9.22768891239e-05,0.35156250,2026-06-30T09:10:38.940930+00:00
complexity,180,0.718204,0.74560082,0.86299805,9.22768891239e-05,0.35156250,2026-06-30T09:10:53.016289+00:00
complexity,190,0.758105,0.82089074,,9.11220237069e-05,0.31445312,2026-06-30T09:10:59.800008+00:00
complexity,200,0.798005,0.79576491,,8.98960477389e-05,0.28710938,2026-06-30T09:11:06.707447+00:00
complexity,200,0.798005,0.82357454,0.86205328,8.98960477389e-05,0.28710938,2026-06-30T09:11:20.783342+00:00
complexity,210,0.837905,0.82797247,,8.86013747012e-05,0.36914062,2026-06-30T09:11:28.355216+00:00
complexity,220,0.877805,0.83390949,,8.72405533134e-05,0.29492188,2026-06-30T09:11:34.818724+00:00
complexity,220,0.877805,0.71813846,0.86117675,8.72405533134e-05,0.29492188,2026-06-30T09:11:48.899556+00:00
complexity,230,0.917706,0.83565775,,8.58162625163e-05,0.29882812,2026-06-30T09:11:56.046327+00:00
complexity,240,0.957606,0.86773763,,8.43313061976e-05,0.32421875,2026-06-30T09:12:02.300495+00:00
complexity,240,0.957606,0.71438366,0.86094895,8.43313061976e-05,0.32421875,2026-06-30T09:12:16.378665+00:00
complexity,250,0.997506,0.78592547,,8.27886076726e-05,0.26757812,2026-06-30T09:12:23.606951+00:00
complexity,251,1.000000,0.83821302,0.86028205,8.26312779698e-05,0.46093750,2026-06-30T09:12:38.130378+00:00
complexity,260,1.035910,0.85044509,,8.1191203929e-05,0.34765625,2026-06-30T09:12:44.770791+00:00
complexity,260,1.035910,0.75964725,0.86017642,8.1191203929e-05,0.34765625,2026-06-30T09:12:58.852718+00:00
complexity,270,1.075810,0.78339991,,7.95422396483e-05,0.30273438,2026-06-30T09:13:06.154431+00:00
complexity,280,1.115711,0.86812666,,7.78449610152e-05,0.37695312,2026-06-30T09:13:12.636331+00:00
complexity,280,1.115711,0.89575493,0.85996194,7.78449610152e-05,0.37695312,2026-06-30T09:13:26.710151+00:00
complexity,290,1.155611,0.81836273,,7.6102709327e-05,0.35937500,2026-06-30T09:13:33.840048+00:00
complexity,300,1.195511,0.80450980,,7.43189144157e-05,0.45898438,2026-06-30T09:13:40.674476+00:00
complexity,300,1.195511,0.76493108,0.86145520,7.43189144157e-05,0.45898438,2026-06-30T09:13:54.764112+00:00
complexity,310,1.235411,0.85968437,,7.24970878963e-05,0.42187500,2026-06-30T09:14:01.450649+00:00
complexity,320,1.275312,0.78585525,,7.06408162536e-05,0.38671875,2026-06-30T09:14:08.122437+00:00
complexity,320,1.275312,0.67157525,0.86044303,7.06408162536e-05,0.38671875,2026-06-30T09:14:22.206754+00:00
complexity,330,1.315212,0.77804880,,6.87537537817e-05,0.31250000,2026-06-30T09:14:28.660354+00:00
complexity,340,1.355112,0.78772520,,6.68396153902e-05,0.31640625,2026-06-30T09:14:35.357243+00:00
complexity,340,1.355112,0.73014927,0.86097816,6.68396153902e-05,0.31640625,2026-06-30T09:14:49.431178+00:00
complexity,350,1.395012,0.80103047,,6.4902169291e-05,0.51562500,2026-06-30T09:14:55.976576+00:00
complexity,360,1.434913,0.78895293,,6.29452295797e-05,0.47851562,2026-06-30T09:15:02.848517+00:00
complexity,360,1.434913,0.88335383,0.86024645,6.29452295797e-05,0.47851562,2026-06-30T09:15:16.926518+00:00
complexity,370,1.474813,0.77059830,,6.09726487278e-05,0.34765625,2026-06-30T09:15:23.462483+00:00
complexity,380,1.514713,0.78925394,,5.8988309998e-05,0.45507812,2026-06-30T09:15:29.808427+00:00
complexity,380,1.514713,0.81430858,0.86084945,5.8988309998e-05,0.45507812,2026-06-30T09:15:43.894844+00:00
complexity,390,1.554613,0.78504912,,5.69961198e-05,0.34765625,2026-06-30T09:15:50.580057+00:00
complexity,400,1.594514,0.83084830,,5.5e-05,0.37304688,2026-06-30T09:15:57.348233+00:00
complexity,400,1.594514,0.57086062,0.86053311,5.5e-05,0.37304688,2026-06-30T09:16:11.430760+00:00
complexity,410,1.634414,0.77545589,,5.30038802e-05,0.43750000,2026-06-30T09:16:18.213239+00:00
complexity,420,1.674314,0.75765411,,5.1011690002e-05,0.37304688,2026-06-30T09:16:24.920147+00:00
complexity,420,1.674314,0.70327103,0.86037079,5.1011690002e-05,0.37304688,2026-06-30T09:16:39.003026+00:00
complexity,430,1.714214,0.78171343,,4.90273512722e-05,0.37890625,2026-06-30T09:16:45.509474+00:00
complexity,440,1.754115,0.76601765,,4.70547704203e-05,0.46679688,2026-06-30T09:16:52.158546+00:00
complexity,440,1.754115,0.67638415,0.86010289,4.70547704203e-05,0.46679688,2026-06-30T09:17:06.224938+00:00
complexity,450,1.794015,0.74715345,,4.5097830709e-05,0.41601562,2026-06-30T09:17:13.199911+00:00
complexity,460,1.833915,0.73901531,,4.31603846098e-05,0.42187500,2026-06-30T09:17:19.700824+00:00
complexity,460,1.833915,0.81743973,0.86006264,4.31603846098e-05,0.42187500,2026-06-30T09:17:33.774676+00:00
complexity,470,1.873815,0.75953338,,4.12462462183e-05,0.50390625,2026-06-30T09:17:40.191696+00:00
complexity,480,1.913716,0.81656142,,3.93591837464e-05,0.45312500,2026-06-30T09:17:46.900277+00:00
complexity,480,1.913716,0.88909483,0.85938750,3.93591837464e-05,0.45312500,2026-06-30T09:18:00.977350+00:00
complexity,490,1.953616,0.80367976,,3.75029121037e-05,0.38476562,2026-06-30T09:18:08.424734+00:00
complexity,500,1.993516,0.78097558,,3.56810855843e-05,0.54296875,2026-06-30T09:18:15.121939+00:00
complexity,500,1.993516,0.96295589,0.85941053,3.56810855843e-05,0.54296875,2026-06-30T09:18:29.204239+00:00
complexity,502,2.000000,0.79241541,0.85949217,3.53211705794e-05,0.56640625,2026-06-30T09:18:45.002655+00:00
complexity,510,2.031920,0.82222418,,3.3897290673e-05,0.45898438,2026-06-30T09:18:50.388544+00:00
complexity,520,2.071820,0.79486924,,3.21550389848e-05,0.40234375,2026-06-30T09:18:56.914718+00:00
complexity,520,2.071820,0.83250380,0.86099705,3.21550389848e-05,0.40234375,2026-06-30T09:19:10.992379+00:00
complexity,530,2.111721,0.74420044,,3.04577603517e-05,0.37109375,2026-06-30T09:19:17.823605+00:00
complexity,540,2.151621,0.78535436,,2.8808796071e-05,0.50000000,2026-06-30T09:19:24.131967+00:00
complexity,540,2.151621,0.68646652,0.86148404,2.8808796071e-05,0.50000000,2026-06-30T09:19:38.215341+00:00
complexity,550,2.191521,0.73021555,,2.72113923274e-05,0.39843750,2026-06-30T09:19:44.770464+00:00
complexity,560,2.231421,0.77421294,,2.56686938024e-05,0.47265625,2026-06-30T09:19:51.615896+00:00
complexity,560,2.231421,0.94702369,0.86135538,2.56686938024e-05,0.47265625,2026-06-30T09:20:05.687682+00:00
complexity,570,2.271322,0.74018369,,2.41837374837e-05,0.50781250,2026-06-30T09:20:12.498708+00:00
complexity,580,2.311222,0.80322906,,2.27594466866e-05,0.44921875,2026-06-30T09:20:19.158342+00:00
complexity,580,2.311222,0.93012983,0.86069736,2.27594466866e-05,0.44921875,2026-06-30T09:20:33.240276+00:00
complexity,590,2.351122,0.72220958,,2.13986252988e-05,0.45117188,2026-06-30T09:20:39.989336+00:00
complexity,600,2.391022,0.83104761,,2.01039522611e-05,0.39453125,2026-06-30T09:20:46.705817+00:00
complexity,600,2.391022,0.60610777,0.86147341,2.01039522611e-05,0.39453125,2026-06-30T09:21:00.776654+00:00
complexity,610,2.430923,0.74754893,,1.88779762931e-05,0.39648438,2026-06-30T09:21:07.316154+00:00
complexity,620,2.470823,0.83026535,,1.77231108761e-05,0.33789062,2026-06-30T09:21:13.907700+00:00
complexity,620,2.470823,0.79053819,0.86105481,1.77231108761e-05,0.33789062,2026-06-30T09:21:28.005093+00:00
complexity,630,2.510723,0.82910864,,1.66416295017e-05,0.45898438,2026-06-30T09:21:34.581565+00:00
complexity,640,2.550623,0.74796644,,1.56356611961e-05,0.34765625,2026-06-30T09:21:41.362291+00:00
complexity,640,2.550623,0.85889983,0.86090199,1.56356611961e-05,0.34765625,2026-06-30T09:21:55.430214+00:00
complexity,650,2.590524,0.74137725,,1.47071863289e-05,0.45117188,2026-06-30T09:22:02.016986+00:00
complexity,660,2.630424,0.73221023,,1.38580327147e-05,0.43554688,2026-06-30T09:22:08.297828+00:00
complexity,660,2.630424,0.74381435,0.86163920,1.38580327147e-05,0.43554688,2026-06-30T09:22:22.377596+00:00
complexity,670,2.670324,0.74453427,,1.30898720146e-05,0.35937500,2026-06-30T09:22:29.016003+00:00
complexity,680,2.710224,0.72282284,,1.24042164454e-05,0.39453125,2026-06-30T09:22:35.463944+00:00
complexity,680,2.710224,0.72927362,0.86178758,1.24042164454e-05,0.39453125,2026-06-30T09:22:49.542603+00:00
complexity,690,2.750125,0.73893974,,1.18024158026e-05,0.45507812,2026-06-30T09:22:55.999607+00:00
complexity,700,2.790025,0.73701892,,1.12856548031e-05,0.49414062,2026-06-30T09:23:02.866856+00:00
complexity,700,2.790025,0.64332104,0.86128195,1.12856548031e-05,0.49414062,2026-06-30T09:23:16.948869+00:00
complexity,710,2.829925,0.72315427,,1.08549507532e-05,0.50781250,2026-06-30T09:23:23.152873+00:00
complexity,720,2.869825,0.72669291,,1.05111515456e-05,0.38281250,2026-06-30T09:23:29.894744+00:00
complexity,720,2.869825,0.90930718,0.86094325,1.05111515456e-05,0.38281250,2026-06-30T09:23:43.979069+00:00
complexity,730,2.909726,0.73514661,,1.02549339905e-05,0.35742188,2026-06-30T09:23:50.485683+00:00
complexity,740,2.949626,0.73648484,,1.0086802483e-05,0.43164062,2026-06-30T09:23:57.015647+00:00
complexity,740,2.949626,0.78578687,0.86104150,1.0086802483e-05,0.43164062,2026-06-30T09:24:11.094166+00:00
complexity,750,2.989526,0.75251969,,1.00070880101e-05,0.37695312,2026-06-30T09:24:17.484092+00:00
complexity,753,3.000000,0.75964333,0.86112100,1.00004430115e-05,0.67187500,2026-06-30T09:24:33.196739+00:00
verbosity,10,0.039900,0.83844275,,2.22222222222e-05,0.33398438,2026-06-30T09:24:42.557682+00:00
verbosity,20,0.079800,0.88160748,,4.44444444444e-05,0.32812500,2026-06-30T09:24:49.626639+00:00
verbosity,20,0.079800,0.87119186,0.88404696,4.44444444444e-05,0.32812500,2026-06-30T09:24:54.287425+00:00
verbosity,30,0.119701,0.82365075,,6.66666666667e-05,0.30078125,2026-06-30T09:25:01.857131+00:00
verbosity,40,0.159601,0.78903244,,8.88888888889e-05,0.34375000,2026-06-30T09:25:08.920856+00:00
verbosity,40,0.159601,0.70811468,0.84542791,8.88888888889e-05,0.34375000,2026-06-30T09:25:13.395511+00:00
verbosity,50,0.199501,0.82222080,,9.99929119899e-05,0.32031250,2026-06-30T09:25:21.005386+00:00
verbosity,60,0.239401,0.81179096,,9.9913197517e-05,0.28125000,2026-06-30T09:25:28.065687+00:00
verbosity,60,0.239401,0.64315277,0.83294036,9.9913197517e-05,0.28125000,2026-06-30T09:25:32.530711+00:00
verbosity,70,0.279302,0.81826587,,9.97450660095e-05,0.28906250,2026-06-30T09:25:39.807919+00:00
verbosity,80,0.319202,0.79047114,,9.94888484544e-05,0.35546875,2026-06-30T09:25:46.574670+00:00
verbosity,80,0.319202,0.77337134,0.82778327,9.94888484544e-05,0.35546875,2026-06-30T09:25:51.040421+00:00
verbosity,90,0.359102,0.78934804,,9.91450492468e-05,0.28515625,2026-06-30T09:25:58.514261+00:00
verbosity,100,0.399002,0.77615938,,9.87143451969e-05,0.34375000,2026-06-30T09:26:05.435345+00:00
verbosity,100,0.399002,0.83177900,0.82510981,9.87143451969e-05,0.34375000,2026-06-30T09:26:09.895884+00:00
verbosity,110,0.438903,0.75942292,,9.81975841974e-05,0.33789062,2026-06-30T09:26:17.474363+00:00
verbosity,120,0.478803,0.77550077,,9.75957835546e-05,0.29101562,2026-06-30T09:26:24.368159+00:00
verbosity,120,0.478803,0.78023630,0.82339970,9.75957835546e-05,0.29101562,2026-06-30T09:26:28.833671+00:00
verbosity,130,0.518703,0.75015359,,9.69101279854e-05,0.32031250,2026-06-30T09:26:36.454447+00:00
verbosity,140,0.558603,0.79713713,,9.61419672853e-05,0.31445312,2026-06-30T09:26:43.480264+00:00
verbosity,140,0.558603,0.72488624,0.82154616,9.61419672853e-05,0.31445312,2026-06-30T09:26:47.944805+00:00
verbosity,150,0.598504,0.83107283,,9.52928136711e-05,0.32421875,2026-06-30T09:26:55.261130+00:00
verbosity,160,0.638404,0.79120576,,9.43643388039e-05,0.30078125,2026-06-30T09:27:02.313239+00:00
verbosity,160,0.638404,0.68370485,0.82066659,9.43643388039e-05,0.30078125,2026-06-30T09:27:06.773689+00:00
verbosity,170,0.678304,0.81365160,,9.33583704983e-05,0.30859375,2026-06-30T09:27:14.396500+00:00
verbosity,180,0.718204,0.74281694,,9.22768891239e-05,0.29296875,2026-06-30T09:27:20.896030+00:00
verbosity,180,0.718204,0.83996564,0.81946598,9.22768891239e-05,0.29296875,2026-06-30T09:27:25.361928+00:00
verbosity,190,0.758105,0.76340154,,9.11220237069e-05,0.27734375,2026-06-30T09:27:32.886141+00:00
verbosity,200,0.798005,0.78499545,,8.98960477389e-05,0.32031250,2026-06-30T09:27:39.759773+00:00
verbosity,200,0.798005,0.74457169,0.81864911,8.98960477389e-05,0.32031250,2026-06-30T09:27:44.224263+00:00
verbosity,210,0.837905,0.78192548,,8.86013747012e-05,0.36914062,2026-06-30T09:27:51.794108+00:00
verbosity,220,0.877805,0.84258861,,8.72405533134e-05,0.34570312,2026-06-30T09:27:58.843602+00:00
verbosity,220,0.877805,0.90937459,0.81802075,8.72405533134e-05,0.34570312,2026-06-30T09:28:03.311829+00:00
verbosity,230,0.917706,0.77592322,,8.58162625163e-05,0.37304688,2026-06-30T09:28:10.654039+00:00
verbosity,240,0.957606,0.76025614,,8.43313061976e-05,0.29101562,2026-06-30T09:28:17.723255+00:00
verbosity,240,0.957606,0.82342970,0.81730569,8.43313061976e-05,0.29101562,2026-06-30T09:28:22.190721+00:00
verbosity,250,0.997506,0.73448062,,8.27886076726e-05,0.32226562,2026-06-30T09:28:29.516505+00:00
verbosity,251,1.000000,0.79396249,0.81637966,8.26312779698e-05,0.36132812,2026-06-30T09:28:34.425290+00:00
verbosity,260,1.035910,0.77654062,,8.1191203929e-05,0.23535156,2026-06-30T09:28:41.276803+00:00
verbosity,260,1.035910,0.71512914,0.81596503,8.1191203929e-05,0.23535156,2026-06-30T09:28:45.736047+00:00
verbosity,270,1.075810,0.74978992,,7.95422396483e-05,0.32812500,2026-06-30T09:28:53.048084+00:00
verbosity,280,1.115711,0.73966489,,7.78449610152e-05,0.32421875,2026-06-30T09:28:59.804854+00:00
verbosity,280,1.115711,0.80582494,0.81699517,7.78449610152e-05,0.32421875,2026-06-30T09:29:04.273024+00:00
verbosity,290,1.155611,0.77105608,,7.6102709327e-05,0.29492188,2026-06-30T09:29:11.067827+00:00
verbosity,300,1.195511,0.74605581,,7.43189144157e-05,0.30664062,2026-06-30T09:29:18.043589+00:00
verbosity,300,1.195511,0.81296468,0.81662552,7.43189144157e-05,0.30664062,2026-06-30T09:29:22.517546+00:00
verbosity,310,1.235411,0.71981874,,7.24970878963e-05,0.32617188,2026-06-30T09:29:29.155387+00:00
verbosity,320,1.275312,0.73898203,,7.06408162536e-05,0.37890625,2026-06-30T09:29:35.916038+00:00
verbosity,320,1.275312,0.84785461,0.81887422,7.06408162536e-05,0.37890625,2026-06-30T09:29:40.382677+00:00
verbosity,330,1.315212,0.71598820,,6.87537537817e-05,0.35937500,2026-06-30T09:29:47.304449+00:00
verbosity,340,1.355112,0.74281928,,6.68396153902e-05,0.34960938,2026-06-30T09:29:54.100222+00:00
verbosity,340,1.355112,0.69954967,0.81693501,6.68396153902e-05,0.34960938,2026-06-30T09:29:58.568549+00:00
verbosity,350,1.395012,0.74672984,,6.4902169291e-05,0.36718750,2026-06-30T09:30:05.404130+00:00
verbosity,360,1.434913,0.74939154,,6.29452295797e-05,0.38085938,2026-06-30T09:30:12.397407+00:00
verbosity,360,1.434913,0.68759656,0.81754007,6.29452295797e-05,0.38085938,2026-06-30T09:30:16.865780+00:00
verbosity,370,1.474813,0.72776095,,6.09726487278e-05,0.34960938,2026-06-30T09:30:23.571242+00:00
verbosity,380,1.514713,0.75539460,,5.8988309998e-05,0.40429688,2026-06-30T09:30:30.323107+00:00
verbosity,380,1.514713,0.71949774,0.81647532,5.8988309998e-05,0.40429688,2026-06-30T09:30:34.788576+00:00
verbosity,390,1.554613,0.71215020,,5.69961198e-05,0.36718750,2026-06-30T09:30:41.703093+00:00
verbosity,400,1.594514,0.80563791,,5.5e-05,0.37109375,2026-06-30T09:30:48.205231+00:00
verbosity,400,1.594514,0.73780084,0.81679174,5.5e-05,0.37109375,2026-06-30T09:30:52.670078+00:00
verbosity,410,1.634414,0.80630105,,5.30038802e-05,0.38476562,2026-06-30T09:30:59.628663+00:00
verbosity,420,1.674314,0.72270080,,5.1011690002e-05,0.32031250,2026-06-30T09:31:06.419763+00:00
verbosity,420,1.674314,0.58856195,0.81666343,5.1011690002e-05,0.32031250,2026-06-30T09:31:10.890681+00:00
verbosity,430,1.714214,0.77799929,,4.90273512722e-05,0.43554688,2026-06-30T09:31:17.761945+00:00
verbosity,440,1.754115,0.73123851,,4.70547704203e-05,0.35351562,2026-06-30T09:31:24.715049+00:00
verbosity,440,1.754115,0.88433671,0.81579840,4.70547704203e-05,0.35351562,2026-06-30T09:31:29.181521+00:00
verbosity,450,1.794015,0.72167768,,4.5097830709e-05,0.37695312,2026-06-30T09:31:36.526893+00:00
verbosity,460,1.833915,0.81679161,,4.31603846098e-05,0.43359375,2026-06-30T09:31:43.448511+00:00
verbosity,460,1.833915,0.96233684,0.81587703,4.31603846098e-05,0.43359375,2026-06-30T09:31:47.918746+00:00
verbosity,470,1.873815,0.74659942,,4.12462462183e-05,0.36718750,2026-06-30T09:31:54.710792+00:00
verbosity,480,1.913716,0.72093105,,3.93591837464e-05,0.42578125,2026-06-30T09:32:01.696663+00:00
verbosity,480,1.913716,0.81138033,0.81535432,3.93591837464e-05,0.42578125,2026-06-30T09:32:06.163524+00:00
verbosity,490,1.953616,0.73214173,,3.75029121037e-05,0.39648438,2026-06-30T09:32:13.688910+00:00
verbosity,500,1.993516,0.77338396,,3.56810855843e-05,0.42773438,2026-06-30T09:32:20.657663+00:00
verbosity,500,1.993516,0.81784779,0.81545172,3.56810855843e-05,0.42773438,2026-06-30T09:32:25.120387+00:00
verbosity,502,2.000000,0.74947669,0.81539688,3.53211705794e-05,0.60937500,2026-06-30T09:32:31.318841+00:00
verbosity,510,2.031920,0.72286082,,3.3897290673e-05,0.41601562,2026-06-30T09:32:36.697044+00:00
verbosity,520,2.071820,0.69202958,,3.21550389848e-05,0.37304688,2026-06-30T09:32:43.443251+00:00
verbosity,520,2.071820,0.64389735,0.81789526,3.21550389848e-05,0.37304688,2026-06-30T09:32:47.910908+00:00
verbosity,530,2.111721,0.65661258,,3.04577603517e-05,0.33789062,2026-06-30T09:32:54.887349+00:00
verbosity,540,2.151621,0.65380170,,2.8808796071e-05,0.30859375,2026-06-30T09:33:01.875943+00:00
verbosity,540,2.151621,0.55604208,0.81831140,2.8808796071e-05,0.30859375,2026-06-30T09:33:06.340855+00:00
verbosity,550,2.191521,0.74556559,,2.72113923274e-05,0.39453125,2026-06-30T09:33:13.330116+00:00
verbosity,560,2.231421,0.75411723,,2.56686938024e-05,0.42578125,2026-06-30T09:33:20.149807+00:00
verbosity,560,2.231421,0.95560849,0.81785408,2.56686938024e-05,0.42578125,2026-06-30T09:33:24.611469+00:00
verbosity,570,2.271322,0.72094612,,2.41837374837e-05,0.39843750,2026-06-30T09:33:31.514155+00:00
verbosity,580,2.311222,0.77744211,,2.27594466866e-05,0.37890625,2026-06-30T09:33:37.924982+00:00
verbosity,580,2.311222,0.78743064,0.81761120,2.27594466866e-05,0.37890625,2026-06-30T09:33:42.389288+00:00
verbosity,590,2.351122,0.72517160,,2.13986252988e-05,0.43164062,2026-06-30T09:33:49.369069+00:00
verbosity,600,2.391022,0.69845682,,2.01039522611e-05,0.39843750,2026-06-30T09:33:56.300059+00:00
verbosity,600,2.391022,0.69402361,0.81768185,2.01039522611e-05,0.39843750,2026-06-30T09:34:00.764362+00:00
verbosity,610,2.430923,0.78091087,,1.88779762931e-05,0.49609375,2026-06-30T09:34:07.426285+00:00
verbosity,620,2.470823,0.73032323,,1.77231108761e-05,0.38867188,2026-06-30T09:34:14.414338+00:00
verbosity,620,2.470823,0.62954444,0.81758729,1.77231108761e-05,0.38867188,2026-06-30T09:34:18.880294+00:00
verbosity,630,2.510723,0.70785026,,1.66416295017e-05,0.39843750,2026-06-30T09:34:25.679861+00:00
verbosity,640,2.550623,0.73613341,,1.56356611961e-05,0.40820312,2026-06-30T09:34:32.492660+00:00
verbosity,640,2.550623,0.74404764,0.81719124,1.56356611961e-05,0.40820312,2026-06-30T09:34:36.955682+00:00
verbosity,650,2.590524,0.70866286,,1.47071863289e-05,0.43359375,2026-06-30T09:34:43.726714+00:00
verbosity,660,2.630424,0.70995176,,1.38580327147e-05,0.37304688,2026-06-30T09:34:50.707113+00:00
verbosity,660,2.630424,0.72819000,0.81732565,1.38580327147e-05,0.37304688,2026-06-30T09:34:55.168113+00:00
verbosity,670,2.670324,0.67883400,,1.30898720146e-05,0.25976562,2026-06-30T09:35:01.963141+00:00
verbosity,680,2.710224,0.72485746,,1.24042164454e-05,0.44531250,2026-06-30T09:35:08.806787+00:00
verbosity,680,2.710224,0.68211013,0.81766585,1.24042164454e-05,0.44531250,2026-06-30T09:35:13.272904+00:00
verbosity,690,2.750125,0.77371446,,1.18024158026e-05,0.33984375,2026-06-30T09:35:20.103416+00:00
verbosity,700,2.790025,0.69505861,,1.12856548031e-05,0.38867188,2026-06-30T09:35:26.477476+00:00
verbosity,700,2.790025,0.71361738,0.81756929,1.12856548031e-05,0.38867188,2026-06-30T09:35:30.941848+00:00
verbosity,710,2.829925,0.74420940,,1.08549507532e-05,0.41796875,2026-06-30T09:35:37.927028+00:00
verbosity,720,2.869825,0.74533278,,1.05111515456e-05,0.46289062,2026-06-30T09:35:44.701482+00:00
verbosity,720,2.869825,0.83787721,0.81744468,1.05111515456e-05,0.46289062,2026-06-30T09:35:49.167126+00:00
verbosity,730,2.909726,0.71498538,,1.02549339905e-05,0.42773438,2026-06-30T09:35:56.119402+00:00
verbosity,740,2.949626,0.67492272,,1.0086802483e-05,0.33593750,2026-06-30T09:36:02.956949+00:00
verbosity,740,2.949626,0.72758853,0.81744802,1.0086802483e-05,0.33593750,2026-06-30T09:36:07.425692+00:00
verbosity,750,2.989526,0.77742621,,1.00070880101e-05,0.43750000,2026-06-30T09:36:14.075623+00:00
verbosity,753,3.000000,0.72204557,0.81739432,1.00004430115e-05,0.60546875,2026-06-30T09:36:20.352214+00:00
helpfulness,10,0.014104,1.49835278,,0.0001,2026-06-22T13:17:47.508718+00:00
helpfulness,20,0.028209,1.25382078,,0.0001,2026-06-22T13:17:51.332974+00:00
helpfulness,30,0.042313,1.20382879,,0.0001,2026-06-22T13:17:55.128377+00:00
helpfulness,40,0.056417,1.24982236,,0.0001,2026-06-22T13:17:58.920522+00:00
helpfulness,50,0.070522,1.24133318,,0.0001,2026-06-22T13:18:02.697633+00:00
helpfulness,50,0.070522,0.97551090,1.20196825,0.0001,2026-06-22T13:18:10.873835+00:00
helpfulness,60,0.084626,1.25740145,,0.0001,2026-06-22T13:18:14.710898+00:00
helpfulness,70,0.098731,1.10639197,,0.0001,2026-06-22T13:18:18.503886+00:00
helpfulness,80,0.112835,1.09604682,,0.0001,2026-06-22T13:18:22.358639+00:00
helpfulness,90,0.126939,1.29184330,,0.0001,2026-06-22T13:18:26.186216+00:00
helpfulness,100,0.141044,1.12504332,,0.0001,2026-06-22T13:18:29.990231+00:00
helpfulness,100,0.141044,1.02311778,1.18621117,0.0001,2026-06-22T13:18:38.205441+00:00
helpfulness,110,0.155148,1.17715554,,0.0001,2026-06-22T13:18:42.007292+00:00
helpfulness,120,0.169252,1.28488535,,0.0001,2026-06-22T13:18:45.808080+00:00
helpfulness,130,0.183357,1.19973415,,0.0001,2026-06-22T13:18:49.644229+00:00
helpfulness,140,0.197461,1.32293931,,0.0001,2026-06-22T13:18:53.437334+00:00
helpfulness,150,0.211566,1.12713549,,0.0001,2026-06-22T13:18:57.328418+00:00
helpfulness,150,0.211566,0.88350433,1.17530735,0.0001,2026-06-22T13:19:05.344984+00:00
helpfulness,160,0.225670,1.10966520,,0.0001,2026-06-22T13:19:09.185045+00:00
helpfulness,170,0.239774,1.15974944,,0.0001,2026-06-22T13:19:12.999830+00:00
helpfulness,180,0.253879,1.16637297,,0.0001,2026-06-22T13:19:16.793386+00:00
helpfulness,190,0.267983,1.24082894,,0.0001,2026-06-22T13:19:20.656789+00:00
helpfulness,200,0.282087,1.15539246,,0.0001,2026-06-22T13:19:24.435146+00:00
helpfulness,200,0.282087,1.90763366,1.17329893,0.0001,2026-06-22T13:19:32.583077+00:00
helpfulness,210,0.296192,1.00024028,,0.0001,2026-06-22T13:19:36.413108+00:00
helpfulness,220,0.310296,1.00065126,,0.0001,2026-06-22T13:19:40.240426+00:00
helpfulness,230,0.324401,1.24877911,,0.0001,2026-06-22T13:19:44.076494+00:00
helpfulness,240,0.338505,1.33397129,,0.0001,2026-06-22T13:19:47.892153+00:00
helpfulness,250,0.352609,1.18751635,,0.0001,2026-06-22T13:19:51.699297+00:00
helpfulness,250,0.352609,0.90789533,1.16569040,0.0001,2026-06-22T13:19:59.837448+00:00
helpfulness,260,0.366714,1.07786109,,0.0001,2026-06-22T13:20:03.661791+00:00
helpfulness,270,0.380818,1.11790532,,0.0001,2026-06-22T13:20:07.513218+00:00
helpfulness,280,0.394922,1.18188905,,0.0001,2026-06-22T13:20:11.323120+00:00
helpfulness,290,0.409027,1.15394787,,0.0001,2026-06-22T13:20:15.167712+00:00
helpfulness,300,0.423131,1.44515021,,0.0001,2026-06-22T13:20:19.046383+00:00
helpfulness,300,0.423131,0.85415202,1.16666353,0.0001,2026-06-22T13:20:27.229134+00:00
helpfulness,310,0.437236,1.48311855,,0.0001,2026-06-22T13:20:31.097639+00:00
helpfulness,320,0.451340,0.92347051,,0.0001,2026-06-22T13:20:34.947221+00:00
helpfulness,330,0.465444,1.04301355,,0.0001,2026-06-22T13:20:38.788011+00:00
helpfulness,340,0.479549,1.20575627,,0.0001,2026-06-22T13:20:42.604256+00:00
helpfulness,350,0.493653,1.20554253,,0.0001,2026-06-22T13:20:46.571811+00:00
helpfulness,350,0.493653,1.62313306,1.16174602,0.0001,2026-06-22T13:20:54.678855+00:00
helpfulness,360,0.507757,1.16918165,,0.0001,2026-06-22T13:20:58.593812+00:00
helpfulness,370,0.521862,1.24806240,,0.0001,2026-06-22T13:21:02.384130+00:00
helpfulness,380,0.535966,1.12777659,,0.0001,2026-06-22T13:21:06.186398+00:00
helpfulness,390,0.550071,1.30936095,,0.0001,2026-06-22T13:21:10.060050+00:00
helpfulness,400,0.564175,1.23137451,,0.0001,2026-06-22T13:21:13.899460+00:00
helpfulness,400,0.564175,1.77440095,1.16520583,0.0001,2026-06-22T13:21:22.004423+00:00
helpfulness,410,0.578279,0.96768619,,0.0001,2026-06-22T13:21:25.829231+00:00
helpfulness,420,0.592384,1.34881873,,0.0001,2026-06-22T13:21:29.697501+00:00
helpfulness,430,0.606488,1.31879908,,0.0001,2026-06-22T13:21:33.624474+00:00
helpfulness,440,0.620592,1.37246535,,0.0001,2026-06-22T13:21:37.410269+00:00
helpfulness,450,0.634697,1.29586030,,0.0001,2026-06-22T13:21:41.280072+00:00
helpfulness,450,0.634697,1.65432441,1.16038558,0.0001,2026-06-22T13:21:49.443493+00:00
helpfulness,460,0.648801,1.55172169,,0.0001,2026-06-22T13:21:53.246570+00:00
helpfulness,470,0.662906,1.07898346,,0.0001,2026-06-22T13:21:57.084003+00:00
helpfulness,480,0.677010,1.31435061,,0.0001,2026-06-22T13:22:00.925991+00:00
helpfulness,490,0.691114,1.28959321,,0.0001,2026-06-22T13:22:04.731787+00:00
helpfulness,500,0.705219,1.00695291,,0.0001,2026-06-22T13:22:08.525744+00:00
helpfulness,500,0.705219,0.77091867,1.15718423,0.0001,2026-06-22T13:22:16.607088+00:00
helpfulness,510,0.719323,1.22134792,,0.0001,2026-06-22T13:22:20.930081+00:00
helpfulness,520,0.733427,1.18590979,,0.0001,2026-06-22T13:22:24.705322+00:00
helpfulness,530,0.747532,1.16028492,,0.0001,2026-06-22T13:22:28.586718+00:00
helpfulness,540,0.761636,0.91966975,,0.0001,2026-06-22T13:22:32.454986+00:00
helpfulness,550,0.775740,1.13399990,,0.0001,2026-06-22T13:22:36.273198+00:00
helpfulness,550,0.775740,0.74413127,1.15511249,0.0001,2026-06-22T13:22:44.482691+00:00
helpfulness,560,0.789845,1.40100823,,0.0001,2026-06-22T13:22:48.334083+00:00
helpfulness,570,0.803949,1.16278991,,0.0001,2026-06-22T13:22:52.197820+00:00
helpfulness,580,0.818054,0.97632298,,0.0001,2026-06-22T13:22:56.097519+00:00
helpfulness,590,0.832158,1.13867677,,0.0001,2026-06-22T13:22:59.924166+00:00
helpfulness,600,0.846262,1.27754675,,0.0001,2026-06-22T13:23:03.767796+00:00
helpfulness,600,0.846262,0.72523916,1.15920119,0.0001,2026-06-22T13:23:11.933628+00:00
helpfulness,610,0.860367,1.20177039,,0.0001,2026-06-22T13:23:15.821816+00:00
helpfulness,620,0.874471,1.22611911,,0.0001,2026-06-22T13:23:19.705207+00:00
helpfulness,630,0.888575,1.14108506,,0.0001,2026-06-22T13:23:23.575097+00:00
helpfulness,640,0.902680,1.12812013,,0.0001,2026-06-22T13:23:27.401421+00:00
helpfulness,650,0.916784,1.22992074,,0.0001,2026-06-22T13:23:31.746564+00:00
helpfulness,650,0.916784,0.91012961,1.15830164,0.0001,2026-06-22T13:23:39.817846+00:00
helpfulness,660,0.930889,1.09495902,,0.0001,2026-06-22T13:23:43.671883+00:00
helpfulness,670,0.944993,1.19664320,,0.0001,2026-06-22T13:23:47.458047+00:00
helpfulness,680,0.959097,1.25528744,,0.0001,2026-06-22T13:23:51.237051+00:00
helpfulness,690,0.973202,1.03443191,,0.0001,2026-06-22T13:23:55.125724+00:00
helpfulness,700,0.987306,1.12448642,,0.0001,2026-06-22T13:23:59.000632+00:00
helpfulness,700,0.987306,1.46929753,1.15546969,0.0001,2026-06-22T13:24:07.122170+00:00
helpfulness,709,1.000000,1.19457994,1.15606741,0.0001,2026-06-22T13:24:18.734232+00:00
helpfulness,710,1.001410,1.04932383,,0.0001,2026-06-22T13:24:19.118592+00:00
helpfulness,720,1.015515,1.28747611,,0.0001,2026-06-22T13:24:23.014294+00:00
helpfulness,730,1.029619,0.98571652,,0.0001,2026-06-22T13:24:26.878372+00:00
helpfulness,740,1.043724,1.00988607,,0.0001,2026-06-22T13:24:30.763389+00:00
helpfulness,750,1.057828,1.06829653,,0.0001,2026-06-22T13:24:34.643733+00:00
helpfulness,750,1.057828,0.96710855,1.16727308,0.0001,2026-06-22T13:24:42.806238+00:00
helpfulness,760,1.071932,1.02239925,,0.0001,2026-06-22T13:24:46.695627+00:00
helpfulness,770,1.086037,1.14853112,,0.0001,2026-06-22T13:24:50.519315+00:00
helpfulness,780,1.100141,0.97202199,,0.0001,2026-06-22T13:24:54.404988+00:00
helpfulness,790,1.114245,1.10370681,,0.0001,2026-06-22T13:24:58.226787+00:00
helpfulness,800,1.128350,1.06954467,,0.0001,2026-06-22T13:25:02.044861+00:00
helpfulness,800,1.128350,1.23417497,1.16616779,0.0001,2026-06-22T13:25:10.181272+00:00
helpfulness,810,1.142454,0.91744490,,0.0001,2026-06-22T13:25:14.018344+00:00
helpfulness,820,1.156559,0.94966420,,0.0001,2026-06-22T13:25:17.850159+00:00
helpfulness,830,1.170663,1.10398661,,0.0001,2026-06-22T13:25:21.667837+00:00
helpfulness,840,1.184767,0.97860698,,0.0001,2026-06-22T13:25:25.520526+00:00
helpfulness,850,1.198872,1.10330708,,0.0001,2026-06-22T13:25:29.364922+00:00
helpfulness,850,1.198872,1.08063185,1.17500386,0.0001,2026-06-22T13:25:37.554806+00:00
helpfulness,860,1.212976,0.95240765,,0.0001,2026-06-22T13:25:41.438385+00:00
helpfulness,870,1.227080,1.01530353,,0.0001,2026-06-22T13:25:45.243341+00:00
helpfulness,880,1.241185,1.06031940,,0.0001,2026-06-22T13:25:49.106985+00:00
helpfulness,890,1.255289,1.00006645,,0.0001,2026-06-22T13:25:52.997132+00:00
helpfulness,900,1.269394,1.02459334,,0.0001,2026-06-22T13:25:56.828020+00:00
helpfulness,900,1.269394,1.11374068,1.17919607,0.0001,2026-06-22T13:26:04.938712+00:00
helpfulness,910,1.283498,0.97714652,,0.0001,2026-06-22T13:26:08.768564+00:00
helpfulness,920,1.297602,0.90914778,,0.0001,2026-06-22T13:26:12.616272+00:00
helpfulness,930,1.311707,0.85439647,,0.0001,2026-06-22T13:26:16.439414+00:00
helpfulness,940,1.325811,1.02656259,,0.0001,2026-06-22T13:26:20.246841+00:00
helpfulness,950,1.339915,1.05920929,,0.0001,2026-06-22T13:26:24.059344+00:00
helpfulness,950,1.339915,1.08298016,1.18449274,0.0001,2026-06-22T13:26:32.233799+00:00
helpfulness,960,1.354020,0.85177091,,0.0001,2026-06-22T13:26:36.089204+00:00
helpfulness,970,1.368124,0.88830235,,0.0001,2026-06-22T13:26:39.911396+00:00
helpfulness,980,1.382228,1.00826123,,0.0001,2026-06-22T13:26:43.778296+00:00
helpfulness,990,1.396333,1.10844511,,0.0001,2026-06-22T13:26:47.623257+00:00
helpfulness,1000,1.410437,0.91374357,,0.0001,2026-06-22T13:26:51.452521+00:00
helpfulness,1000,1.410437,0.73568171,1.17292217,0.0001,2026-06-22T13:26:59.634404+00:00
helpfulness,1010,1.424542,1.34491335,,0.0001,2026-06-22T13:27:03.972650+00:00
helpfulness,1020,1.438646,1.16268532,,0.0001,2026-06-22T13:27:07.779434+00:00
helpfulness,1030,1.452750,0.87357521,,0.0001,2026-06-22T13:27:11.584684+00:00
helpfulness,1040,1.466855,1.10746042,,0.0001,2026-06-22T13:27:15.428095+00:00
helpfulness,1050,1.480959,0.87490600,,0.0001,2026-06-22T13:27:19.214595+00:00
helpfulness,1050,1.480959,0.84345067,1.17130090,0.0001,2026-06-22T13:27:27.235620+00:00
helpfulness,1060,1.495063,0.97641783,,0.0001,2026-06-22T13:27:31.006299+00:00
helpfulness,1070,1.509168,1.00274092,,0.0001,2026-06-22T13:27:34.805133+00:00
helpfulness,1080,1.523272,1.07819567,,0.0001,2026-06-22T13:27:38.603277+00:00
helpfulness,1090,1.537377,0.95243919,,0.0001,2026-06-22T13:27:42.456640+00:00
helpfulness,1100,1.551481,0.89265501,,0.0001,2026-06-22T13:27:46.235104+00:00
helpfulness,1100,1.551481,0.83163947,1.18402547,0.0001,2026-06-22T13:27:54.336541+00:00
helpfulness,1110,1.565585,1.00494347,,0.0001,2026-06-22T13:27:58.123158+00:00
helpfulness,1120,1.579690,0.87398456,,0.0001,2026-06-22T13:28:01.970220+00:00
helpfulness,1130,1.593794,1.21681132,,0.0001,2026-06-22T13:28:05.818620+00:00
helpfulness,1140,1.607898,1.20818696,,0.0001,2026-06-22T13:28:09.673563+00:00
helpfulness,1150,1.622003,1.12838042,,0.0001,2026-06-22T13:28:13.504300+00:00
helpfulness,1150,1.622003,0.96240354,1.17853967,0.0001,2026-06-22T13:28:21.642126+00:00
helpfulness,1160,1.636107,1.18608786,,0.0001,2026-06-22T13:28:25.485537+00:00
helpfulness,1170,1.650212,1.35934877,,0.0001,2026-06-22T13:28:29.331282+00:00
helpfulness,1180,1.664316,0.97489303,,0.0001,2026-06-22T13:28:33.146064+00:00
helpfulness,1190,1.678420,1.10447553,,0.0001,2026-06-22T13:28:36.975164+00:00
helpfulness,1200,1.692525,1.18718501,,0.0001,2026-06-22T13:28:40.851335+00:00
helpfulness,1200,1.692525,1.05420554,1.18429460,0.0001,2026-06-22T13:28:49.043305+00:00
helpfulness,1210,1.706629,0.78199809,,0.0001,2026-06-22T13:28:52.901926+00:00
helpfulness,1220,1.720733,1.07783503,,0.0001,2026-06-22T13:28:56.768369+00:00
helpfulness,1230,1.734838,0.91866614,,0.0001,2026-06-22T13:29:00.591069+00:00
helpfulness,1240,1.748942,1.00876785,,0.0001,2026-06-22T13:29:04.471540+00:00
helpfulness,1250,1.763047,0.83070099,,0.0001,2026-06-22T13:29:08.294936+00:00
helpfulness,1250,1.763047,1.27413666,1.18641377,0.0001,2026-06-22T13:29:16.412676+00:00
helpfulness,1260,1.777151,0.94259175,,0.0001,2026-06-22T13:29:20.214855+00:00
helpfulness,1270,1.791255,1.20872278,,0.0001,2026-06-22T13:29:24.051853+00:00
helpfulness,1280,1.805360,1.06736729,,0.0001,2026-06-22T13:29:27.901888+00:00
helpfulness,1290,1.819464,0.83584126,,0.0001,2026-06-22T13:29:31.768242+00:00
helpfulness,1300,1.833568,1.07173349,,0.0001,2026-06-22T13:29:35.586375+00:00
helpfulness,1300,1.833568,2.28814554,1.18146226,0.0001,2026-06-22T13:29:43.804890+00:00
helpfulness,1310,1.847673,0.91888701,,0.0001,2026-06-22T13:29:47.647600+00:00
helpfulness,1320,1.861777,1.06638285,,0.0001,2026-06-22T13:29:51.492250+00:00
helpfulness,1330,1.875882,1.05026957,,0.0001,2026-06-22T13:29:55.318381+00:00
helpfulness,1340,1.889986,0.90239909,,0.0001,2026-06-22T13:29:59.148152+00:00
helpfulness,1350,1.904090,1.04900010,,0.0001,2026-06-22T13:30:03.081733+00:00
helpfulness,1350,1.904090,1.16011703,1.18344133,0.0001,2026-06-22T13:30:11.338997+00:00
helpfulness,1360,1.918195,1.09937932,,0.0001,2026-06-22T13:30:15.178986+00:00
helpfulness,1370,1.932299,0.83111816,,0.0001,2026-06-22T13:30:19.041292+00:00
helpfulness,1380,1.946403,1.08585649,,0.0001,2026-06-22T13:30:22.874493+00:00
helpfulness,1390,1.960508,1.00998925,,0.0001,2026-06-22T13:30:26.785387+00:00
helpfulness,1400,1.974612,0.90733331,,0.0001,2026-06-22T13:30:30.620348+00:00
helpfulness,1400,1.974612,1.10906756,1.18125666,0.0001,2026-06-22T13:30:38.889596+00:00
helpfulness,1410,1.988717,0.95221539,,0.0001,2026-06-22T13:30:42.787695+00:00
helpfulness,1418,2.000000,1.01888910,1.18986872,0.0001,2026-06-22T13:30:54.302284+00:00
helpfulness,1420,2.002821,0.78693424,,0.0001,2026-06-22T13:30:55.081229+00:00
helpfulness,1430,2.016925,1.14146094,,0.0001,2026-06-22T13:30:58.921038+00:00
helpfulness,1440,2.031030,0.83843169,,0.0001,2026-06-22T13:31:02.779113+00:00
helpfulness,1450,2.045134,0.75554511,,0.0001,2026-06-22T13:31:06.546278+00:00
helpfulness,1450,2.045134,0.50988233,1.20196731,0.0001,2026-06-22T13:31:14.680342+00:00
helpfulness,1460,2.059238,0.91806462,,0.0001,2026-06-22T13:31:18.482876+00:00
helpfulness,1470,2.073343,0.81987272,,0.0001,2026-06-22T13:31:22.283167+00:00
helpfulness,1480,2.087447,0.96036738,,0.0001,2026-06-22T13:31:26.148644+00:00
helpfulness,1490,2.101551,0.80960316,,0.0001,2026-06-22T13:31:29.990782+00:00
helpfulness,1500,2.115656,0.96161805,,0.0001,2026-06-22T13:31:33.823935+00:00
helpfulness,1500,2.115656,1.02742732,1.20682081,0.0001,2026-06-22T13:31:42.122300+00:00
helpfulness,1510,2.129760,0.89406327,,0.0001,2026-06-22T13:31:46.425317+00:00
helpfulness,1520,2.143865,0.72717776,,0.0001,2026-06-22T13:31:50.223672+00:00
helpfulness,1530,2.157969,0.60672548,,0.0001,2026-06-22T13:31:54.013549+00:00
helpfulness,1540,2.172073,0.81538035,,0.0001,2026-06-22T13:31:57.833881+00:00
helpfulness,1550,2.186178,0.70993389,,0.0001,2026-06-22T13:32:01.656542+00:00
helpfulness,1550,2.186178,0.77494884,1.24885800,0.0001,2026-06-22T13:32:09.790420+00:00
helpfulness,1560,2.200282,0.82068064,,0.0001,2026-06-22T13:32:13.635323+00:00
helpfulness,1570,2.214386,0.71488117,,0.0001,2026-06-22T13:32:17.443104+00:00
helpfulness,1580,2.228491,0.80341050,,0.0001,2026-06-22T13:32:21.258511+00:00
helpfulness,1590,2.242595,0.94040827,,0.0001,2026-06-22T13:32:25.071718+00:00
helpfulness,1600,2.256700,0.67603521,,0.0001,2026-06-22T13:32:28.877969+00:00
helpfulness,1600,2.256700,0.75806361,1.26954669,0.0001,2026-06-22T13:32:36.975511+00:00
helpfulness,1610,2.270804,0.76817181,,0.0001,2026-06-22T13:32:40.761323+00:00
helpfulness,1620,2.284908,0.72883089,,0.0001,2026-06-22T13:32:44.607450+00:00
helpfulness,1630,2.299013,0.74632778,,0.0001,2026-06-22T13:32:48.484328+00:00
helpfulness,1640,2.313117,0.73940155,,0.0001,2026-06-22T13:32:52.301451+00:00
helpfulness,1650,2.327221,0.65855189,,0.0001,2026-06-22T13:32:56.142388+00:00
helpfulness,1650,2.327221,0.43622115,1.29002697,0.0001,2026-06-22T13:33:04.252696+00:00
helpfulness,1660,2.341326,0.78078793,,0.0001,2026-06-22T13:33:08.103412+00:00
helpfulness,1670,2.355430,0.61980163,,0.0001,2026-06-22T13:33:11.952357+00:00
helpfulness,1680,2.369535,0.62641373,,0.0001,2026-06-22T13:33:15.786333+00:00
helpfulness,1690,2.383639,0.85701742,,0.0001,2026-06-22T13:33:19.597261+00:00
helpfulness,1700,2.397743,0.83762368,,0.0001,2026-06-22T13:33:23.477437+00:00
helpfulness,1700,2.397743,0.69545853,1.25629107,0.0001,2026-06-22T13:33:31.605989+00:00
helpfulness,1710,2.411848,0.74747103,,0.0001,2026-06-22T13:33:35.510608+00:00
helpfulness,1720,2.425952,1.12618225,,0.0001,2026-06-22T13:33:39.346666+00:00
helpfulness,1730,2.440056,0.90229641,,0.0001,2026-06-22T13:33:43.151461+00:00
helpfulness,1740,2.454161,0.76587868,,0.0001,2026-06-22T13:33:47.007886+00:00
helpfulness,1750,2.468265,0.90600578,,0.0001,2026-06-22T13:33:50.848192+00:00
helpfulness,1750,2.468265,0.47859830,1.25639130,0.0001,2026-06-22T13:33:58.953459+00:00
helpfulness,1760,2.482370,0.69246370,,0.0001,2026-06-22T13:34:02.788711+00:00
helpfulness,1770,2.496474,0.71682062,,0.0001,2026-06-22T13:34:06.599661+00:00
helpfulness,1780,2.510578,0.90492896,,0.0001,2026-06-22T13:34:10.442253+00:00
helpfulness,1790,2.524683,0.82754735,,0.0001,2026-06-22T13:34:14.260083+00:00
helpfulness,1800,2.538787,0.72296224,,0.0001,2026-06-22T13:34:18.063634+00:00
helpfulness,1800,2.538787,1.08481288,1.25420531,0.0001,2026-06-22T13:34:26.177396+00:00
helpfulness,1810,2.552891,0.54786383,,0.0001,2026-06-22T13:34:29.964513+00:00
helpfulness,1820,2.566996,0.78273674,,0.0001,2026-06-22T13:34:33.772471+00:00
helpfulness,1830,2.581100,0.69761177,,0.0001,2026-06-22T13:34:37.588722+00:00
helpfulness,1840,2.595205,0.98912447,,0.0001,2026-06-22T13:34:41.404556+00:00
helpfulness,1850,2.609309,1.04343022,,0.0001,2026-06-22T13:34:45.254197+00:00
helpfulness,1850,2.609309,0.60360646,1.25023268,0.0001,2026-06-22T13:34:53.423459+00:00
helpfulness,1860,2.623413,0.86080101,,0.0001,2026-06-22T13:34:57.260246+00:00
helpfulness,1870,2.637518,0.94739576,,0.0001,2026-06-22T13:35:01.128953+00:00
helpfulness,1880,2.651622,1.18251802,,0.0001,2026-06-22T13:35:05.016864+00:00
helpfulness,1890,2.665726,0.76945152,,0.0001,2026-06-22T13:35:08.911573+00:00
helpfulness,1900,2.679831,0.79880156,,0.0001,2026-06-22T13:35:12.795065+00:00
helpfulness,1900,2.679831,0.53238082,1.26905916,0.0001,2026-06-22T13:35:21.014511+00:00
helpfulness,1910,2.693935,0.92638654,,0.0001,2026-06-22T13:35:24.883281+00:00
helpfulness,1920,2.708039,0.58247199,,0.0001,2026-06-22T13:35:28.715591+00:00
helpfulness,1930,2.722144,0.90277330,,0.0001,2026-06-22T13:35:32.552054+00:00
helpfulness,1940,2.736248,0.55889260,,0.0001,2026-06-22T13:35:36.398926+00:00
helpfulness,1950,2.750353,0.79862947,,0.0001,2026-06-22T13:35:40.259624+00:00
helpfulness,1950,2.750353,0.56802338,1.32148318,0.0001,2026-06-22T13:35:48.406928+00:00
helpfulness,1960,2.764457,0.65070915,,0.0001,2026-06-22T13:35:52.237931+00:00
helpfulness,1970,2.778561,0.72619596,,0.0001,2026-06-22T13:35:56.048908+00:00
helpfulness,1980,2.792666,0.94271371,,0.0001,2026-06-22T13:35:59.963968+00:00
helpfulness,1990,2.806770,0.89935840,,0.0001,2026-06-22T13:36:03.767085+00:00
helpfulness,2000,2.820874,0.63028718,,0.0001,2026-06-22T13:36:07.607315+00:00
correctness,10,0.039900,0.98035983,,2.22222222222e-05,0.41992188,2026-06-30T09:50:48.994492+00:00
correctness,20,0.079800,0.94055024,,4.44444444444e-05,0.32031250,2026-06-30T09:50:54.731238+00:00
correctness,20,0.079800,0.84734094,0.96530074,4.44444444444e-05,0.32031250,2026-06-30T09:51:05.875172+00:00
correctness,30,0.119701,0.90982409,,6.66666666667e-05,0.44140625,2026-06-30T09:51:12.573006+00:00
correctness,40,0.159601,0.93246786,,8.88888888889e-05,0.50390625,2026-06-30T09:51:17.708674+00:00
correctness,40,0.159601,1.01041770,0.92422873,8.88888888889e-05,0.50390625,2026-06-30T09:51:28.463468+00:00
correctness,50,0.199501,0.88907059,,9.99929119899e-05,0.42773438,2026-06-30T09:51:35.313123+00:00
correctness,60,0.239401,0.82576792,,9.9913197517e-05,0.46289062,2026-06-30T09:51:40.326902+00:00
correctness,60,0.239401,0.83460557,0.91362479,9.9913197517e-05,0.46289062,2026-06-30T09:51:51.081257+00:00
correctness,70,0.279302,0.84866483,,9.97450660095e-05,0.39648438,2026-06-30T09:51:57.953482+00:00
correctness,80,0.319202,0.83943000,,9.94888484544e-05,0.37890625,2026-06-30T09:52:02.966246+00:00
correctness,80,0.319202,0.88480711,0.90782816,9.94888484544e-05,0.37890625,2026-06-30T09:52:13.715144+00:00
correctness,90,0.359102,0.83555223,,9.91450492468e-05,0.46875000,2026-06-30T09:52:19.578063+00:00
correctness,100,0.399002,0.89624477,,9.87143451969e-05,0.46679688,2026-06-30T09:52:24.676810+00:00
correctness,100,0.399002,0.96783304,0.90393423,9.87143451969e-05,0.46679688,2026-06-30T09:52:35.423710+00:00
correctness,110,0.438903,0.83865288,,9.81975841974e-05,0.37695312,2026-06-30T09:52:41.513744+00:00
correctness,120,0.478803,0.89039565,,9.75957835546e-05,0.41406250,2026-06-30T09:52:46.827526+00:00
correctness,120,0.478803,0.83871233,0.90187955,9.75957835546e-05,0.41406250,2026-06-30T09:52:57.573063+00:00
correctness,130,0.518703,0.95091111,,9.69101279854e-05,0.46289062,2026-06-30T09:53:03.131239+00:00
correctness,140,0.558603,0.89514709,,9.61419672853e-05,0.44531250,2026-06-30T09:53:07.955886+00:00
correctness,140,0.558603,0.87281811,0.89953111,9.61419672853e-05,0.44531250,2026-06-30T09:53:18.703165+00:00
correctness,150,0.598504,0.90154726,,9.52928136711e-05,0.41406250,2026-06-30T09:53:24.921525+00:00
correctness,160,0.638404,0.81959108,,9.43643388039e-05,0.29882812,2026-06-30T09:53:30.633543+00:00
correctness,160,0.638404,0.67811161,0.89815143,9.43643388039e-05,0.29882812,2026-06-30T09:53:41.380147+00:00
correctness,170,0.678304,0.87176204,,9.33583704983e-05,0.40820312,2026-06-30T09:53:47.549240+00:00
correctness,180,0.718204,0.93270884,,9.22768891239e-05,0.42187500,2026-06-30T09:53:53.381926+00:00
correctness,180,0.718204,0.95382684,0.89678999,9.22768891239e-05,0.42187500,2026-06-30T09:54:04.126686+00:00
correctness,190,0.758105,0.83855711,,9.11220237069e-05,0.38281250,2026-06-30T09:54:10.202219+00:00
correctness,200,0.798005,0.84166251,,8.98960477389e-05,0.33007812,2026-06-30T09:54:15.404163+00:00
correctness,200,0.798005,0.66407567,0.89605879,8.98960477389e-05,0.33007812,2026-06-30T09:54:26.146460+00:00
correctness,210,0.837905,0.87608238,,8.86013747012e-05,0.49804688,2026-06-30T09:54:31.856677+00:00
correctness,220,0.877805,0.81554312,,8.72405533134e-05,0.32617188,2026-06-30T09:54:37.462515+00:00
correctness,220,0.877805,0.98757178,0.89454804,8.72405533134e-05,0.32617188,2026-06-30T09:54:48.224482+00:00
correctness,230,0.917706,0.89167926,,8.58162625163e-05,0.33789062,2026-06-30T09:54:54.381301+00:00
correctness,240,0.957606,0.83393849,,8.43313061976e-05,0.33593750,2026-06-30T09:54:59.812872+00:00
correctness,240,0.957606,0.86052883,0.89372595,8.43313061976e-05,0.33593750,2026-06-30T09:55:10.555652+00:00
correctness,250,0.997506,0.83362025,,8.27886076726e-05,0.48046875,2026-06-30T09:55:16.858703+00:00
correctness,251,1.000000,0.87716607,0.89310561,8.26312779698e-05,0.86718750,2026-06-30T09:55:27.926845+00:00
correctness,260,1.035910,0.86296465,,8.1191203929e-05,0.38281250,2026-06-30T09:55:33.230028+00:00
correctness,260,1.035910,0.83934647,0.89394148,8.1191203929e-05,0.38281250,2026-06-30T09:55:43.981609+00:00
correctness,270,1.075810,0.80279842,,7.95422396483e-05,0.34570312,2026-06-30T09:55:49.451774+00:00
correctness,280,1.115711,0.87155640,,7.78449610152e-05,0.44726562,2026-06-30T09:55:54.896074+00:00
correctness,280,1.115711,0.85578859,0.89302574,7.78449610152e-05,0.44726562,2026-06-30T09:56:05.648964+00:00
correctness,290,1.155611,0.82764287,,7.6102709327e-05,0.39453125,2026-06-30T09:56:11.742738+00:00
correctness,300,1.195511,0.80904624,,7.43189144157e-05,0.47070312,2026-06-30T09:56:17.116247+00:00
correctness,300,1.195511,0.91476083,0.89384641,7.43189144157e-05,0.47070312,2026-06-30T09:56:27.854102+00:00
correctness,310,1.235411,0.78535227,,7.24970878963e-05,0.45117188,2026-06-30T09:56:33.266494+00:00
correctness,320,1.275312,0.82887143,,7.06408162536e-05,0.32421875,2026-06-30T09:56:38.639598+00:00
correctness,320,1.275312,0.80229640,0.89388732,7.06408162536e-05,0.32421875,2026-06-30T09:56:49.395035+00:00
correctness,330,1.315212,0.85250711,,6.87537537817e-05,0.49609375,2026-06-30T09:56:55.296759+00:00
correctness,340,1.355112,0.84994012,,6.68396153902e-05,0.50390625,2026-06-30T09:57:00.369745+00:00
correctness,340,1.355112,1.02544940,0.89405958,6.68396153902e-05,0.50390625,2026-06-30T09:57:11.120465+00:00
correctness,350,1.395012,0.79570024,,6.4902169291e-05,0.48632812,2026-06-30T09:57:16.264585+00:00
correctness,360,1.434913,0.78156726,,6.29452295797e-05,0.48632812,2026-06-30T09:57:21.642902+00:00
correctness,360,1.434913,0.72237712,0.89472212,6.29452295797e-05,0.48632812,2026-06-30T09:57:32.397868+00:00
correctness,370,1.474813,0.84347929,,6.09726487278e-05,0.47656250,2026-06-30T09:57:37.362079+00:00
correctness,380,1.514713,0.84939840,,5.8988309998e-05,0.46289062,2026-06-30T09:57:42.350170+00:00
correctness,380,1.514713,0.80535764,0.89303442,5.8988309998e-05,0.46289062,2026-06-30T09:57:53.107782+00:00
correctness,390,1.554613,0.80909819,,5.69961198e-05,0.53125000,2026-06-30T09:57:58.636247+00:00
correctness,400,1.594514,0.88492268,,5.5e-05,0.53906250,2026-06-30T09:58:03.557256+00:00
correctness,400,1.594514,1.12789333,0.89400129,5.5e-05,0.53906250,2026-06-30T09:58:14.297537+00:00
correctness,410,1.634414,0.80801649,,5.30038802e-05,0.45898438,2026-06-30T09:58:20.183023+00:00
correctness,420,1.674314,0.86459662,,5.1011690002e-05,0.49218750,2026-06-30T09:58:25.659844+00:00
correctness,420,1.674314,0.89258415,0.89289756,5.1011690002e-05,0.49218750,2026-06-30T09:58:36.416438+00:00
correctness,430,1.714214,0.83192158,,4.90273512722e-05,0.43750000,2026-06-30T09:58:42.856382+00:00
correctness,440,1.754115,0.80224628,,4.70547704203e-05,0.45703125,2026-06-30T09:58:47.840472+00:00
correctness,440,1.754115,0.87954760,0.89298721,4.70547704203e-05,0.45703125,2026-06-30T09:58:58.600136+00:00
correctness,450,1.794015,0.82124095,,4.5097830709e-05,0.53515625,2026-06-30T09:59:03.963213+00:00
correctness,460,1.833915,0.82176297,,4.31603846098e-05,0.48632812,2026-06-30T09:59:09.516556+00:00
correctness,460,1.833915,0.82806778,0.89227439,4.31603846098e-05,0.48632812,2026-06-30T09:59:20.263780+00:00
correctness,470,1.873815,0.82416244,,4.12462462183e-05,0.54296875,2026-06-30T09:59:26.024697+00:00
correctness,480,1.913716,0.78417926,,3.93591837464e-05,0.55859375,2026-06-30T09:59:31.260850+00:00
correctness,480,1.913716,0.82919997,0.89205987,3.93591837464e-05,0.55859375,2026-06-30T09:59:42.005705+00:00
correctness,490,1.953616,0.79181392,,3.75029121037e-05,0.39648438,2026-06-30T09:59:48.200592+00:00
correctness,500,1.993516,0.81695048,,3.56810855843e-05,0.43750000,2026-06-30T09:59:54.089064+00:00
correctness,500,1.993516,0.95270807,0.89161235,3.56810855843e-05,0.43750000,2026-06-30T10:00:04.847241+00:00
correctness,502,2.000000,0.82385274,0.89176427,3.53211705794e-05,0.51171875,2026-06-30T10:00:17.625485+00:00
correctness,510,2.031920,0.76368178,,3.3897290673e-05,0.54687500,2026-06-30T10:00:22.247056+00:00
correctness,520,2.071820,0.79196060,,3.21550389848e-05,0.67578125,2026-06-30T10:00:27.516198+00:00
correctness,520,2.071820,0.90134746,0.89353817,3.21550389848e-05,0.67578125,2026-06-30T10:00:38.278102+00:00
correctness,530,2.111721,0.76371217,,3.04577603517e-05,0.47265625,2026-06-30T10:00:43.764237+00:00
correctness,540,2.151621,0.78225169,,2.8808796071e-05,0.62500000,2026-06-30T10:00:48.918213+00:00
correctness,540,2.151621,0.76498944,0.89486632,2.8808796071e-05,0.62500000,2026-06-30T10:00:59.674051+00:00
correctness,550,2.191521,0.82223676,,2.72113923274e-05,0.49609375,2026-06-30T10:01:04.824067+00:00
correctness,560,2.231421,0.82959716,,2.56686938024e-05,0.60937500,2026-06-30T10:01:10.281217+00:00
correctness,560,2.231421,0.72887850,0.89377127,2.56686938024e-05,0.60937500,2026-06-30T10:01:21.040444+00:00
correctness,570,2.271322,0.84060836,,2.41837374837e-05,0.43554688,2026-06-30T10:01:25.871520+00:00
correctness,580,2.311222,0.80060700,,2.27594466866e-05,0.45507812,2026-06-30T10:01:31.342300+00:00
correctness,580,2.311222,0.86518699,0.89445035,2.27594466866e-05,0.45507812,2026-06-30T10:01:42.096978+00:00
correctness,590,2.351122,0.74808750,,2.13986252988e-05,0.46289062,2026-06-30T10:01:47.755223+00:00
correctness,600,2.391022,0.80284735,,2.01039522611e-05,0.51562500,2026-06-30T10:01:53.135359+00:00
correctness,600,2.391022,0.65288818,0.89514610,2.01039522611e-05,0.51562500,2026-06-30T10:02:03.891876+00:00
correctness,610,2.430923,0.79014500,,1.88779762931e-05,0.53125000,2026-06-30T10:02:08.453883+00:00
correctness,620,2.470823,0.81607106,,1.77231108761e-05,0.49023438,2026-06-30T10:02:13.318449+00:00
correctness,620,2.470823,0.72649938,0.89488454,1.77231108761e-05,0.49023438,2026-06-30T10:02:24.075407+00:00
correctness,630,2.510723,0.80876750,,1.66416295017e-05,0.57031250,2026-06-30T10:02:29.210893+00:00
correctness,640,2.550623,0.74773241,,1.56356611961e-05,0.64843750,2026-06-30T10:02:34.469585+00:00
correctness,640,2.550623,0.87295258,0.89459185,1.56356611961e-05,0.64843750,2026-06-30T10:02:45.221276+00:00
correctness,650,2.590524,0.79404383,,1.47071863289e-05,0.45507812,2026-06-30T10:02:49.776017+00:00
correctness,660,2.630424,0.77229639,,1.38580327147e-05,0.56640625,2026-06-30T10:02:54.547456+00:00
correctness,660,2.630424,0.78557730,0.89474664,1.38580327147e-05,0.56640625,2026-06-30T10:03:05.297878+00:00
correctness,670,2.670324,0.82000983,,1.30898720146e-05,0.46875000,2026-06-30T10:03:11.032221+00:00
correctness,680,2.710224,0.72982443,,1.24042164454e-05,0.47265625,2026-06-30T10:03:17.442334+00:00
correctness,680,2.710224,0.73534065,0.89478672,1.24042164454e-05,0.47265625,2026-06-30T10:03:28.192416+00:00
correctness,690,2.750125,0.77606747,,1.18024158026e-05,0.49804688,2026-06-30T10:03:33.654823+00:00
correctness,700,2.790025,0.79801813,,1.12856548031e-05,0.48437500,2026-06-30T10:03:38.842826+00:00
correctness,700,2.790025,0.86811990,0.89502770,1.12856548031e-05,0.48437500,2026-06-30T10:03:49.601458+00:00
correctness,710,2.829925,0.76513820,,1.08549507532e-05,0.53906250,2026-06-30T10:03:55.016129+00:00
correctness,720,2.869825,0.78841289,,1.05111515456e-05,0.53515625,2026-06-30T10:04:01.379317+00:00
correctness,720,2.869825,0.82249892,0.89487786,1.05111515456e-05,0.53515625,2026-06-30T10:04:12.123566+00:00
correctness,730,2.909726,0.75814668,,1.02549339905e-05,0.49609375,2026-06-30T10:04:18.114180+00:00
correctness,740,2.949626,0.77454612,,1.0086802483e-05,0.49414062,2026-06-30T10:04:23.491248+00:00
correctness,740,2.949626,0.77717263,0.89481488,1.0086802483e-05,0.49414062,2026-06-30T10:04:34.246311+00:00
correctness,750,2.989526,0.78794189,,1.00070880101e-05,0.47265625,2026-06-30T10:04:39.659352+00:00
correctness,753,3.000000,0.78704388,0.89465332,1.00004430115e-05,0.71093750,2026-06-30T10:04:52.016626+00:00
coherence,10,0.039900,0.92555515,,2.22222222222e-05,0.25000000,2026-06-30T10:05:01.040005+00:00
coherence,20,0.079800,0.93971052,,4.44444444444e-05,0.34960938,2026-06-30T10:05:07.683816+00:00
coherence,20,0.079800,0.86307019,0.94809520,4.44444444444e-05,0.34960938,2026-06-30T10:05:23.972425+00:00
coherence,30,0.119701,0.88846434,,6.66666666667e-05,0.45898438,2026-06-30T10:05:30.625904+00:00
coherence,40,0.159601,0.90309771,,8.88888888889e-05,0.48046875,2026-06-30T10:05:37.174263+00:00
coherence,40,0.159601,0.87847906,0.89931704,8.88888888889e-05,0.48046875,2026-06-30T10:05:52.879276+00:00
coherence,50,0.199501,0.89123346,,9.99929119899e-05,0.60937500,2026-06-30T10:05:59.518828+00:00
coherence,60,0.239401,0.87695779,,9.9913197517e-05,0.39257812,2026-06-30T10:06:05.976335+00:00
coherence,60,0.239401,0.79559195,0.88526318,9.9913197517e-05,0.39257812,2026-06-30T10:06:21.676294+00:00
coherence,70,0.279302,0.80965477,,9.97450660095e-05,0.47656250,2026-06-30T10:06:28.742039+00:00
coherence,80,0.319202,0.84573669,,9.94888484544e-05,0.50390625,2026-06-30T10:06:35.243703+00:00
coherence,80,0.319202,0.96768999,0.87972761,9.94888484544e-05,0.50390625,2026-06-30T10:06:50.939031+00:00
coherence,90,0.359102,0.82297251,,9.91450492468e-05,0.36328125,2026-06-30T10:06:57.812443+00:00
coherence,100,0.399002,0.87383986,,9.87143451969e-05,0.45117188,2026-06-30T10:07:04.319431+00:00
coherence,100,0.399002,0.82321250,0.87602608,9.87143451969e-05,0.45117188,2026-06-30T10:07:20.012861+00:00
coherence,110,0.438903,0.82807952,,9.81975841974e-05,0.34765625,2026-06-30T10:07:26.914689+00:00
coherence,120,0.478803,0.78323478,,9.75957835546e-05,0.53906250,2026-06-30T10:07:33.160656+00:00
coherence,120,0.478803,0.86741126,0.87442819,9.75957835546e-05,0.53906250,2026-06-30T10:07:48.859028+00:00
coherence,130,0.518703,0.80174322,,9.69101279854e-05,0.40625000,2026-06-30T10:07:55.804341+00:00
coherence,140,0.558603,0.82548118,,9.61419672853e-05,0.40625000,2026-06-30T10:08:02.126922+00:00
coherence,140,0.558603,0.70497841,0.87219106,9.61419672853e-05,0.40625000,2026-06-30T10:08:17.836340+00:00
coherence,150,0.598504,0.80669544,,9.52928136711e-05,0.34765625,2026-06-30T10:08:24.916395+00:00
coherence,160,0.638404,0.79934325,,9.43643388039e-05,0.65625000,2026-06-30T10:08:31.551736+00:00
coherence,160,0.638404,0.86335820,0.87239328,9.43643388039e-05,0.65625000,2026-06-30T10:08:47.256054+00:00
coherence,170,0.678304,0.77673230,,9.33583704983e-05,0.35156250,2026-06-30T10:08:53.803941+00:00
coherence,180,0.718204,0.80286859,,9.22768891239e-05,0.41992188,2026-06-30T10:08:59.791958+00:00
coherence,180,0.718204,0.84362900,0.87044494,9.22768891239e-05,0.41992188,2026-06-30T10:09:15.498126+00:00
coherence,190,0.758105,0.85626811,,9.11220237069e-05,0.50000000,2026-06-30T10:09:21.612391+00:00
coherence,200,0.798005,0.85030658,,8.98960477389e-05,0.35742188,2026-06-30T10:09:27.315233+00:00
coherence,200,0.798005,0.80775398,0.86984107,8.98960477389e-05,0.35742188,2026-06-30T10:09:43.011153+00:00
coherence,210,0.837905,0.77982005,,8.86013747012e-05,0.44531250,2026-06-30T10:09:50.531765+00:00
coherence,220,0.877805,0.86596683,,8.72405533134e-05,0.47070312,2026-06-30T10:09:57.069327+00:00
coherence,220,0.877805,1.00359654,0.86844016,8.72405533134e-05,0.47070312,2026-06-30T10:10:12.770584+00:00
coherence,230,0.917706,0.81160536,,8.58162625163e-05,0.47851562,2026-06-30T10:10:19.623618+00:00
coherence,240,0.957606,0.78937778,,8.43313061976e-05,0.29492188,2026-06-30T10:10:26.357894+00:00
coherence,240,0.957606,0.70431340,0.86762818,8.43313061976e-05,0.29492188,2026-06-30T10:10:42.063282+00:00
coherence,250,0.997506,0.81013967,,8.27886076726e-05,0.46289062,2026-06-30T10:10:49.125972+00:00
coherence,251,1.000000,0.83853687,0.86746331,8.26312779698e-05,0.55859375,2026-06-30T10:11:05.089185+00:00
coherence,260,1.035910,0.75171099,,8.1191203929e-05,0.35156250,2026-06-30T10:11:11.186534+00:00
coherence,260,1.035910,0.68740851,0.86826356,8.1191203929e-05,0.35156250,2026-06-30T10:11:26.896514+00:00
coherence,270,1.075810,0.76981415,,7.95422396483e-05,0.48828125,2026-06-30T10:11:33.123243+00:00
coherence,280,1.115711,0.79638640,,7.78449610152e-05,0.49218750,2026-06-30T10:11:39.411464+00:00
coherence,280,1.115711,0.87697697,0.86794022,7.78449610152e-05,0.49218750,2026-06-30T10:11:55.120382+00:00
coherence,290,1.155611,0.77473617,,7.6102709327e-05,0.33593750,2026-06-30T10:12:01.723819+00:00
coherence,300,1.195511,0.74156591,,7.43189144157e-05,0.58203125,2026-06-30T10:12:08.358337+00:00
coherence,300,1.195511,0.89775777,0.86903916,7.43189144157e-05,0.58203125,2026-06-30T10:12:24.057508+00:00
coherence,310,1.235411,0.76420177,,7.24970878963e-05,0.44335938,2026-06-30T10:12:30.008807+00:00
coherence,320,1.275312,0.80633668,,7.06408162536e-05,0.45898438,2026-06-30T10:12:36.145059+00:00
coherence,320,1.275312,0.70922863,0.86974726,7.06408162536e-05,0.45898438,2026-06-30T10:12:51.855773+00:00
coherence,330,1.315212,0.76674593,,6.87537537817e-05,0.39257812,2026-06-30T10:12:58.172698+00:00
coherence,340,1.355112,0.77549126,,6.68396153902e-05,0.45312500,2026-06-30T10:13:04.279023+00:00
coherence,340,1.355112,0.75749063,0.86787523,6.68396153902e-05,0.45312500,2026-06-30T10:13:19.986774+00:00
coherence,350,1.395012,0.78331476,,6.4902169291e-05,0.41992188,2026-06-30T10:13:26.440930+00:00
coherence,360,1.434913,0.79424924,,6.29452295797e-05,0.50390625,2026-06-30T10:13:33.070975+00:00
coherence,360,1.434913,0.87588328,0.86863251,6.29452295797e-05,0.50390625,2026-06-30T10:13:48.774207+00:00
coherence,370,1.474813,0.75227216,,6.09726487278e-05,0.40625000,2026-06-30T10:13:55.234031+00:00
coherence,380,1.514713,0.76356086,,5.8988309998e-05,0.46093750,2026-06-30T10:14:02.173638+00:00
coherence,380,1.514713,0.85474962,0.86840739,5.8988309998e-05,0.46093750,2026-06-30T10:14:17.881573+00:00
coherence,390,1.554613,0.85385714,,5.69961198e-05,0.50000000,2026-06-30T10:14:23.581653+00:00
coherence,400,1.594514,0.80408595,,5.5e-05,0.41601562,2026-06-30T10:14:29.615048+00:00
coherence,400,1.594514,0.79684198,0.86737595,5.5e-05,0.41601562,2026-06-30T10:14:45.313401+00:00
coherence,410,1.634414,0.78635714,,5.30038802e-05,0.60156250,2026-06-30T10:14:51.444719+00:00
coherence,420,1.674314,0.80400267,,5.1011690002e-05,0.35351562,2026-06-30T10:14:57.079336+00:00
coherence,420,1.674314,0.64936483,0.86789972,5.1011690002e-05,0.35351562,2026-06-30T10:15:12.786597+00:00
coherence,430,1.714214,0.79091054,,4.90273512722e-05,0.48632812,2026-06-30T10:15:19.335576+00:00
coherence,440,1.754115,0.77670778,,4.70547704203e-05,0.43164062,2026-06-30T10:15:25.554023+00:00
coherence,440,1.754115,0.68499643,0.86702428,4.70547704203e-05,0.43164062,2026-06-30T10:15:41.261446+00:00
coherence,450,1.794015,0.75944017,,4.5097830709e-05,0.51953125,2026-06-30T10:15:47.622404+00:00
coherence,460,1.833915,0.80416948,,4.31603846098e-05,0.51171875,2026-06-30T10:15:53.325792+00:00
coherence,460,1.833915,0.83771992,0.86708751,4.31603846098e-05,0.51171875,2026-06-30T10:16:09.028761+00:00
coherence,470,1.873815,0.84067352,,4.12462462183e-05,0.47265625,2026-06-30T10:16:15.124836+00:00
coherence,480,1.913716,0.76087029,,3.93591837464e-05,0.67578125,2026-06-30T10:16:21.495966+00:00
coherence,480,1.913716,0.85374975,0.86689983,3.93591837464e-05,0.67578125,2026-06-30T10:16:37.198462+00:00
coherence,490,1.953616,0.84606114,,3.75029121037e-05,0.57812500,2026-06-30T10:16:44.115393+00:00
coherence,500,1.993516,0.73787305,,3.56810855843e-05,0.53906250,2026-06-30T10:16:49.802919+00:00
coherence,500,1.993516,0.85083818,0.86688454,3.56810855843e-05,0.53906250,2026-06-30T10:17:05.507439+00:00
coherence,502,2.000000,0.78396763,0.86697542,3.53211705794e-05,0.55468750,2026-06-30T10:17:23.436610+00:00
coherence,510,2.031920,0.75502162,,3.3897290673e-05,0.58984375,2026-06-30T10:17:28.130838+00:00
coherence,520,2.071820,0.70923554,,3.21550389848e-05,0.63671875,2026-06-30T10:17:34.531904+00:00
coherence,520,2.071820,0.84276086,0.87016836,3.21550389848e-05,0.63671875,2026-06-30T10:17:50.246359+00:00
coherence,530,2.111721,0.79551829,,3.04577603517e-05,0.78515625,2026-06-30T10:17:56.432327+00:00
coherence,540,2.151621,0.76542304,,2.8808796071e-05,0.48046875,2026-06-30T10:18:02.609828+00:00
coherence,540,2.151621,0.72770834,0.86981029,2.8808796071e-05,0.48046875,2026-06-30T10:18:18.325067+00:00
coherence,550,2.191521,0.75466898,,2.72113923274e-05,0.46093750,2026-06-30T10:18:24.846953+00:00
coherence,560,2.231421,0.72599276,,2.56686938024e-05,0.47656250,2026-06-30T10:18:31.265859+00:00
coherence,560,2.231421,0.70253134,0.86914218,2.56686938024e-05,0.47656250,2026-06-30T10:18:46.981459+00:00
coherence,570,2.271322,0.78521650,,2.41837374837e-05,0.40234375,2026-06-30T10:18:53.194155+00:00
coherence,580,2.311222,0.78100373,,2.27594466866e-05,0.48242188,2026-06-30T10:18:59.491643+00:00
coherence,580,2.311222,0.73161787,0.86910276,2.27594466866e-05,0.48242188,2026-06-30T10:19:15.196160+00:00
coherence,590,2.351122,0.76020074,,2.13986252988e-05,0.48046875,2026-06-30T10:19:21.069050+00:00
coherence,600,2.391022,0.75719506,,2.01039522611e-05,0.41992188,2026-06-30T10:19:26.691553+00:00
coherence,600,2.391022,0.76052487,0.86933766,2.01039522611e-05,0.41992188,2026-06-30T10:19:42.402012+00:00
coherence,610,2.430923,0.74112566,,1.88779762931e-05,0.47070312,2026-06-30T10:19:48.855186+00:00
coherence,620,2.470823,0.75729805,,1.77231108761e-05,0.41992188,2026-06-30T10:19:54.905017+00:00
coherence,620,2.470823,0.78860241,0.87018549,1.77231108761e-05,0.41992188,2026-06-30T10:20:10.615189+00:00
coherence,630,2.510723,0.78670270,,1.66416295017e-05,0.57031250,2026-06-30T10:20:16.572629+00:00
coherence,640,2.550623,0.77263935,,1.56356611961e-05,0.39648438,2026-06-30T10:20:22.635939+00:00
coherence,640,2.550623,0.77226317,0.86979241,1.56356611961e-05,0.39648438,2026-06-30T10:20:38.341538+00:00
coherence,650,2.590524,0.72833931,,1.47071863289e-05,0.60937500,2026-06-30T10:20:44.706813+00:00
coherence,660,2.630424,0.75916026,,1.38580327147e-05,0.59765625,2026-06-30T10:20:51.053104+00:00
coherence,660,2.630424,0.76575089,0.86964811,1.38580327147e-05,0.59765625,2026-06-30T10:21:06.765732+00:00
coherence,670,2.670324,0.73624336,,1.30898720146e-05,0.60546875,2026-06-30T10:21:12.796342+00:00
coherence,680,2.710224,0.78582813,,1.24042164454e-05,0.48632812,2026-06-30T10:21:18.920466+00:00
coherence,680,2.710224,0.65640384,0.86944461,1.24042164454e-05,0.48632812,2026-06-30T10:21:34.631136+00:00
coherence,690,2.750125,0.75605723,,1.18024158026e-05,0.51562500,2026-06-30T10:21:40.433316+00:00
coherence,700,2.790025,0.68412655,,1.12856548031e-05,0.52734375,2026-06-30T10:21:46.788322+00:00
coherence,700,2.790025,0.69881916,0.86928547,1.12856548031e-05,0.52734375,2026-06-30T10:22:02.511406+00:00
coherence,710,2.829925,0.70239357,,1.08549507532e-05,0.44921875,2026-06-30T10:22:09.413618+00:00
coherence,720,2.869825,0.70775117,,1.05111515456e-05,0.56250000,2026-06-30T10:22:16.064947+00:00
coherence,720,2.869825,0.84682316,0.86963885,1.05111515456e-05,0.56250000,2026-06-30T10:22:31.791233+00:00
coherence,730,2.909726,0.75543203,,1.02549339905e-05,0.49414062,2026-06-30T10:22:38.463754+00:00
coherence,740,2.949626,0.70816833,,1.0086802483e-05,0.60546875,2026-06-30T10:22:44.867200+00:00
coherence,740,2.949626,0.83392984,0.86974813,1.0086802483e-05,0.60546875,2026-06-30T10:23:00.574229+00:00
coherence,750,2.989526,0.75522878,,1.00070880101e-05,0.55078125,2026-06-30T10:23:06.846825+00:00
coherence,753,3.000000,0.74857065,0.86978038,1.00004430115e-05,0.54296875,2026-06-30T10:23:23.853756+00:00
