p_name,p,method,params,status,lambda,dist_l2,dist_R,proxy_delta_p,proxy_min_delta,U_p(p),U_p(lambda),Delta U_p,note
balanced,"[0.2, 0.2, 0.2, 0.2, 0.2]",Avg,rho=0.0,OK,"[1.0, 0.0, 0.0, 0.0, 0.0]",0.8944271909999151,0.8749655636136114,0.006815265885783763,-0.2030005065827833,0.57245361328125,0.5520751953125,-0.02037841796874995,
balanced,"[0.2, 0.2, 0.2, 0.2, 0.2]",Avg,rho=0.1,OK,"[0.23371, 0.224072, 0.206405, 0.187068, 0.148746]",0.0674610206165966,0.0684228222661096,0.0009363364617943769,-0.051424901487614486,0.57245361328125,0.5692370605468751,-0.0032165527343749334,
balanced,"[0.2, 0.2, 0.2, 0.2, 0.2]",Avg,rho=0.2,OK,"[0.216855, 0.212036, 0.203202, 0.193534, 0.174373]",0.03373050481954954,0.03421140881174374,0.0004681681991330684,-0.02571243101050521,0.57245361328125,0.5710791015625,-0.0013745117187500266,
balanced,"[0.2, 0.2, 0.2, 0.2, 0.2]",Avg,rho=0.5,OK,"[0.206741, 0.204815, 0.201281, 0.197414, 0.189749]",0.01349200466354888,0.013684369961351401,0.00018726463073600978,-0.010284863989910808,0.57245361328125,0.57095947265625,-0.0014941406249999734,
balanced,"[0.2, 0.2, 0.2, 0.2, 0.2]",Cert,,FLOOR_COLLAPSED,"[0.2, 0.2, 0.2, 0.2, 0.2]",0.0,0.0,0.0,0.0,0.57245361328125,0.57245361328125,0.0,same merge point as baseline
balanced,"[0.2, 0.2, 0.2, 0.2, 0.2]",MaxMin,c=0.0,OK_EXACT_D0,"[0.206815, 0.205032, 0.2016, 0.197025, 0.189528]",0.013887038119564207,0.014099500531856322,0.0001928498277341926,-0.010520384337970885,0.57245361328125,0.5703710937500001,-0.002082519531249938,
balanced,"[0.2, 0.2, 0.2, 0.2, 0.2]",MaxMin,c=0.1,OK,"[0.206507, 0.20472, 0.201283, 0.196701, 0.190789]",0.01272739430885892,0.012929808589428977,0.00017642383726147571,-0.009275643137781722,0.57245361328125,0.5714916992187501,-0.0009619140624999023,
balanced,"[0.2, 0.2, 0.2, 0.2, 0.2]",MaxMin,c=0.25,OK,"[0.206044, 0.204253, 0.200807, 0.196216, 0.192681]",0.011097268587541597,0.011278778735297075,0.00015178485174728405,-0.007408531346116255,0.57245361328125,0.5731860351562501,0.000732421875000111,
balanced,"[0.2, 0.2, 0.2, 0.2, 0.2]",MaxMin,c=0.5,OK,"[0.205173, 0.203374, 0.199912, 0.195726, 0.195814]",0.008598842220063182,0.00871513599636663,0.0001086432753363665,-0.004304926239766943,0.57245361328125,0.57320068359375,0.0007470703124999867,
balanced,"[0.2, 0.2, 0.2, 0.2, 0.2]",MaxMin,c=0.75,OK,"[0.203583, 0.201768, 0.198276, 0.198174, 0.198199]",0.00505106847990168,0.005037012131430914,5.4852960547235084e-05,-0.0018416473971042244,0.57245361328125,0.57133544921875,-0.0011181640624999822,
balanced,"[0.2, 0.2, 0.2, 0.2, 0.2]",MaxMin,c=0.9,OK,"[0.201926, 0.200094, 0.19926, 0.199358, 0.199363]",0.002254456979734428,0.002223685162233356,2.099375245053606e-05,-0.0006487097121697889,0.57245361328125,0.5722290039062501,-0.00022460937499990674,
balanced,"[0.2, 0.2, 0.2, 0.2, 0.2]",MaxMin,c=0.95,OK,"[0.201318, 0.199633, 0.19965, 0.1997, 0.1997]",0.0014752079467771633,0.001440652138457694,1.0613535999176548e-05,-0.00030423962807447924,0.57245361328125,0.5716625976562499,-0.0007910156250000577,
balanced,"[0.2, 0.2, 0.2, 0.2, 0.2]",MaxMin,c=1.0,OK,"[0.2, 0.2, 0.2, 0.2, 0.2]",0.0,0.0,0.0,0.0,0.57245361328125,0.57245361328125,0.0,same merge point as baseline
balanced,"[0.2, 0.2, 0.2, 0.2, 0.2]",Fair,"alpha=0.0,eps=0.01",OK,"[0.243334, 0.187922, 0.188483, 0.190132, 0.190129]",0.048488356237958316,0.04735254731858166,0.0003488544890207021,-0.010000000000000014,0.57245361328125,0.5682604980468751,-0.004193115234374933,
balanced,"[0.2, 0.2, 0.2, 0.2, 0.2]",Fair,"alpha=0.0,eps=0.02",OK,"[0.286667, 0.175844, 0.176967, 0.180263, 0.180259]",0.09697671247591663,0.09470509463716333,0.0006977089780414033,-0.020000000000000007,0.57245361328125,0.567705078125,-0.004748535156249956,
balanced,"[0.2, 0.2, 0.2, 0.2, 0.2]",Fair,"alpha=0.0,eps=0.05",OK,"[0.416668, 0.139611, 0.142417, 0.150658, 0.150646]",0.24244178118979157,0.23676273659290825,0.0017442724451035064,-0.05000000000000001,0.57245361328125,0.56864501953125,-0.003808593749999978,
balanced,"[0.2, 0.2, 0.2, 0.2, 0.2]",Fair,"alpha=0.0,eps=0.1",OK,"[0.633336, 0.079222, 0.084833, 0.101317, 0.101293]",0.4848835623795831,0.4735254731858165,0.0034885448902070054,-0.10000000000000002,0.57245361328125,0.55281494140625,-0.019638671875000013,
balanced,"[0.2, 0.2, 0.2, 0.2, 0.2]",Fair,"alpha=0.5,eps=0.01",OK,"[0.200678, 0.200451, 0.20007, 0.199756, 0.199044]",0.0012817845022275675,0.0012985545312833775,1.774799461957635e-05,-0.0009594213325677487,0.57245361328125,0.5723217773437501,-0.0001318359374998801,
balanced,"[0.2, 0.2, 0.2, 0.2, 0.2]",Fair,"alpha=0.5,eps=0.02",OK,"[0.201357, 0.200902, 0.200141, 0.199513, 0.198087]",0.002563569147416377,0.0025971091998661447,3.5495990987914326e-05,-0.001918842758077028,0.57245361328125,0.5723217773437501,-0.0001318359374998801,
balanced,"[0.2, 0.2, 0.2, 0.2, 0.2]",Fair,"alpha=0.5,eps=0.05",OK,"[0.203392, 0.202256, 0.200352, 0.198782, 0.195218]",0.006408922151367118,0.006492772284619677,8.873996795919329e-05,-0.004797106444113065,0.57245361328125,0.57195556640625,-0.0004980468749999911,
balanced,"[0.2, 0.2, 0.2, 0.2, 0.2]",Fair,"alpha=0.5,eps=0.1",OK,"[0.206784, 0.204512, 0.200705, 0.197564, 0.190435]",0.012817845263049434,0.012985545551518577,0.00017747994887449696,-0.009594213019830825,0.57245361328125,0.57080810546875,-0.0016455078124999467,
balanced,"[0.2, 0.2, 0.2, 0.2, 0.2]",Fair,"alpha=1.0,eps=0.01",OK,"[0.200338, 0.200227, 0.20004, 0.199882, 0.199514]",0.0006461122066081135,0.0006545732898817695,8.94994625338701e-06,-0.0004875502985304049,0.57245361328125,0.5723217773437501,-0.0001318359374998801,
balanced,"[0.2, 0.2, 0.2, 0.2, 0.2]",Fair,"alpha=1.0,eps=0.02",OK,"[0.200675, 0.200454, 0.200079, 0.199764, 0.199028]",0.0012922243851845418,0.0013091465503916868,1.7899892157913175e-05,-0.0009751006755934876,0.57245361328125,0.5723217773437501,-0.0001318359374998801,
balanced,"[0.2, 0.2, 0.2, 0.2, 0.2]",Fair,"alpha=1.0,eps=0.05",OK,"[0.201688, 0.201136, 0.200198, 0.19941, 0.197569]",0.0032305609169034307,0.0032728663190237633,4.47497293768103e-05,-0.002437751513084523,0.57245361328125,0.57279541015625,0.0003417968750000222,
balanced,"[0.2, 0.2, 0.2, 0.2, 0.2]",Fair,"alpha=1.0,eps=0.1",OK,"[0.203376, 0.202271, 0.200395, 0.19882, 0.195138]",0.006461122193683614,0.006545732923236103,8.949946175450165e-05,-0.004875503642579526,0.57245361328125,0.57195556640625,-0.0004980468749999911,
balanced,"[0.2, 0.2, 0.2, 0.2, 0.2]",Fair,"alpha=2.0,eps=0.01",OK,"[0.200168, 0.200114, 0.200021, 0.199942, 0.199755]",0.0003243478240218765,0.0003285952111055492,4.493470478128435e-06,-0.0002457210757111726,0.57245361328125,0.57227294921875,-0.0001806640624999467,
balanced,"[0.2, 0.2, 0.2, 0.2, 0.2]",Fair,"alpha=2.0,eps=0.02",OK,"[0.200337, 0.200228, 0.200042, 0.199884, 0.19951]",0.0006486955112236767,0.000657190281099474,8.986938959834997e-06,-0.0004914419872723209,0.57245361328125,0.5723217773437501,-0.0001318359374998801,
balanced,"[0.2, 0.2, 0.2, 0.2, 0.2]",Fair,"alpha=2.0,eps=0.05",OK,"[0.200842, 0.20057, 0.200104, 0.19971, 0.198775]",0.0016217391570852297,0.0016429760700224136,2.246735223428379e-05,-0.0012286053375739942,0.57245361328125,0.5723217773437501,-0.0001318359374998801,
balanced,"[0.2, 0.2, 0.2, 0.2, 0.2]",Fair,"alpha=2.0,eps=0.1",OK,"[0.201684, 0.201139, 0.200208, 0.19942, 0.197549]",0.003243478311422481,0.0032859521625437024,4.4934705024922375e-05,-0.002457210486288562,0.57245361328125,0.57279541015625,0.0003417968750000222,
dominant_helpfulness,"[0.5, 0.125, 0.125, 0.125, 0.125]",Avg,rho=0.0,OK,"[1.0, 0.0, 0.0, 0.0, 0.0]",0.5590169943749472,0.5468534772585075,0.18368877653244758,-0.12687531661423948,0.5528228759765625,0.5382919311523438,-0.014530944824218794,
dominant_helpfulness,"[0.5, 0.125, 0.125, 0.125, 0.125]",Avg,rho=0.1,OK,"[1.0, 0.0, 0.0, 0.0, 0.0]",0.5590169943749475,0.5468534772585077,0.1836887765324477,-0.12687531661423954,0.5528228759765625,0.5382919311523438,-0.014530944824218794,
dominant_helpfulness,"[0.5, 0.125, 0.125, 0.125, 0.125]",Avg,rho=0.2,OK,"[1.0, 0.0, 0.0, 0.0, 0.0]",0.5590169943749475,0.5468534772585077,0.1836887765324477,-0.12687531661423956,0.5528228759765625,0.5382919311523438,-0.014530944824218794,
dominant_helpfulness,"[0.5, 0.125, 0.125, 0.125, 0.125]",Avg,rho=0.5,OK,"[0.806742, 0.054814, 0.051281, 0.047414, 0.039749]",0.3431303884505011,0.3360896653610773,0.11295626053479195,-0.08641019208898032,0.5528228759765625,0.5454208374023437,-0.007402038574218839,
dominant_helpfulness,"[0.5, 0.125, 0.125, 0.125, 0.125]",Cert,,FLOOR_COLLAPSED,"[0.5, 0.125, 0.125, 0.125, 0.125]",0.0,0.0,0.0,0.0,0.5528228759765625,0.5528228759765625,0.0,same merge point as baseline
dominant_helpfulness,"[0.5, 0.125, 0.125, 0.125, 0.125]",MaxMin,c=0.0,OK_EXACT_D0,"[0.793902, 0.066927, 0.059805, 0.043519, 0.035847]",0.32952796824050007,0.3234406895879557,0.10858868185271206,-0.09051012988993744,0.5528228759765625,0.5504959106445313,-0.00232696533203125,
dominant_helpfulness,"[0.5, 0.125, 0.125, 0.125, 0.125]",MaxMin,c=0.1,OK,"[0.782655, 0.055567, 0.04824, 0.056726, 0.056812]",0.316097648624125,0.3090612408032297,0.10375158788411376,-0.06915118215776397,0.5528228759765625,0.546685791015625,-0.006137084960937567,
dominant_helpfulness,"[0.5, 0.125, 0.125, 0.125, 0.125]",MaxMin,c=0.25,OK,"[0.728753, 0.061243, 0.064205, 0.072906, 0.072894]",0.2559640267003882,0.24996823209891486,0.08378704115939949,-0.05278876137690385,0.5528228759765625,0.54114990234375,-0.0116729736328125,
dominant_helpfulness,"[0.5, 0.125, 0.125, 0.125, 0.125]",MaxMin,c=0.5,OK,"[0.650127, 0.083157, 0.085101, 0.090812, 0.090803]",0.16798557158272628,0.16405061636185034,0.05498825042654241,-0.03464451769788447,0.5528228759765625,0.5452667236328125,-0.007556152343750067,
dominant_helpfulness,"[0.5, 0.125, 0.125, 0.125, 0.125]",MaxMin,c=0.75,OK,"[0.574701, 0.10418, 0.105147, 0.107988, 0.107984]",0.08358679101724771,0.08162882357629038,0.02736122723816189,-0.01723852848445582,0.5528228759765625,0.5509765625,-0.0018463134765625,
dominant_helpfulness,"[0.5, 0.125, 0.125, 0.125, 0.125]",MaxMin,c=0.9,OK,"[0.529833, 0.116685, 0.117071, 0.118206, 0.118205]",0.033381526301904225,0.03259958526991625,0.010927079692706567,-0.006884441728254106,0.5528228759765625,0.549505615234375,-0.003317260742187522,
dominant_helpfulness,"[0.5, 0.125, 0.125, 0.125, 0.125]",MaxMin,c=0.95,OK,"[0.51491, 0.120844, 0.121037, 0.121605, 0.121604]",0.01668379602283728,0.01629298870739018,0.005461259232715355,-0.003440783997906893,0.5528228759765625,0.5518692016601563,-0.00095367431640625,
dominant_helpfulness,"[0.5, 0.125, 0.125, 0.125, 0.125]",MaxMin,c=1.0,OK,"[0.5, 0.125, 0.125, 0.125, 0.125]",0.0,0.0,0.0,0.0,0.5528228759765625,0.5528228759765625,0.0,same merge point as baseline
dominant_helpfulness,"[0.5, 0.125, 0.125, 0.125, 0.125]",Fair,"alpha=0.0,eps=0.01",OK,"[0.543334, 0.112922, 0.113483, 0.115132, 0.115129]",0.04848835623795838,0.047352547318581725,0.015872136222551812,-0.009999999999999986,0.5528228759765625,0.5504104614257812,-0.002412414550781339,
dominant_helpfulness,"[0.5, 0.125, 0.125, 0.125, 0.125]",Fair,"alpha=0.0,eps=0.02",OK,"[0.586667, 0.100844, 0.101967, 0.105263, 0.105259]",0.09697671247591659,0.09470509463716327,0.0317442724451035,-0.02000000000000001,0.5528228759765625,0.54864501953125,-0.004177856445312544,
dominant_helpfulness,"[0.5, 0.125, 0.125, 0.125, 0.125]",Fair,"alpha=0.0,eps=0.05",OK,"[0.716668, 0.064611, 0.067417, 0.075658, 0.075646]",0.24244178118979157,0.23676273659290825,0.07936068111275879,-0.05000000000000001,0.5528228759765625,0.5401062011718749,-0.012716674804687633,
dominant_helpfulness,"[0.5, 0.125, 0.125, 0.125, 0.125]",Fair,"alpha=0.0,eps=0.1",OK,"[0.933336, 0.004222, 0.009833, 0.026317, 0.026293]",0.48488356237958313,0.4735254731858165,0.1587213622255176,-0.10000000000000002,0.5528228759765625,0.5447219848632813,-0.008100891113281272,
dominant_helpfulness,"[0.5, 0.125, 0.125, 0.125, 0.125]",Fair,"alpha=0.5,eps=0.01",OK,"[0.500678, 0.125451, 0.12507, 0.124756, 0.124044]",0.001281784869554313,0.0012985549058970051,0.00027370591097275313,-0.0009594215481068963,0.5528228759765625,0.553057861328125,0.00023498535156241118,
dominant_helpfulness,"[0.5, 0.125, 0.125, 0.125, 0.125]",Fair,"alpha=0.5,eps=0.02",OK,"[0.501357, 0.125902, 0.125141, 0.124513, 0.123087]",0.002563569417225859,0.0025971094967206197,0.0005474116959813134,-0.0019188429714028339,0.5528228759765625,0.5534545898437501,0.0006317138671875222,
dominant_helpfulness,"[0.5, 0.125, 0.125, 0.125, 0.125]",Fair,"alpha=0.5,eps=0.05",OK,"[0.503392, 0.127256, 0.125352, 0.123782, 0.120218]",0.00640892272086311,0.00649277286534788,0.0013685291304947325,-0.004797106719729129,0.5528228759765625,0.5502426147460938,-0.002580261230468728,
dominant_helpfulness,"[0.5, 0.125, 0.125, 0.125, 0.125]",Fair,"alpha=0.5,eps=0.1",OK,"[0.506784, 0.129512, 0.125705, 0.122564, 0.115435]",0.012817845238248997,0.012985545516429803,0.002737058300882532,-0.009594213134500975,0.5528228759765625,0.550140380859375,-0.0026824951171875444,
dominant_helpfulness,"[0.5, 0.125, 0.125, 0.125, 0.125]",Fair,"alpha=1.0,eps=0.01",OK,"[0.500338, 0.125227, 0.12504, 0.124882, 0.124514]",0.0006461121240485129,0.0006545731993353499,0.0001364141726985476,-0.00048755023539801115,0.5528228759765625,0.553057861328125,0.00023498535156241118,
dominant_helpfulness,"[0.5, 0.125, 0.125, 0.125, 0.125]",Fair,"alpha=1.0,eps=0.02",OK,"[0.500675, 0.125454, 0.125079, 0.124764, 0.124028]",0.001292224395899564,0.0013091465591646447,0.0002728283139925614,-0.0009751005926737178,0.5528228759765625,0.553057861328125,0.00023498535156241118,
dominant_helpfulness,"[0.5, 0.125, 0.125, 0.125, 0.125]",Fair,"alpha=1.0,eps=0.05",OK,"[0.501688, 0.126136, 0.125198, 0.12441, 0.122569]",0.003230560862421754,0.0032728662651327766,0.0006820707485424261,-0.002437751451583361,0.5528228759765625,0.5534545898437501,0.0006317138671875222,
dominant_helpfulness,"[0.5, 0.125, 0.125, 0.125, 0.125]",Fair,"alpha=1.0,eps=0.1",OK,"[0.503376, 0.127271, 0.125395, 0.12382, 0.120138]",0.006461121925909661,0.006545732696576574,0.0013641415408334012,-0.004875503477793886,0.5528228759765625,0.5503067016601563,-0.002516174316406272,
dominant_helpfulness,"[0.5, 0.125, 0.125, 0.125, 0.125]",Fair,"alpha=2.0,eps=0.01",OK,"[0.500168, 0.125114, 0.125021, 0.124942, 0.124755]",0.00032434782155122793,0.00032859520680456435,6.808821968761627e-05,-0.0002457210379114311,0.5528228759765625,0.5528228759765625,0.0,
dominant_helpfulness,"[0.5, 0.125, 0.125, 0.125, 0.125]",Fair,"alpha=2.0,eps=0.02",OK,"[0.500337, 0.125228, 0.125042, 0.124884, 0.12451]",0.0006486956433743831,0.0006571904137005324,0.00013617644235198794,-0.0004914420695712248,0.5528228759765625,0.553057861328125,0.00023498535156241118,
dominant_helpfulness,"[0.5, 0.125, 0.125, 0.125, 0.125]",Fair,"alpha=2.0,eps=0.05",OK,"[0.500842, 0.12557, 0.125104, 0.12471, 0.123775]",0.0016217390957187529,0.0016429760210746325,0.0003404411015376467,-0.0012286051758757521,0.5528228759765625,0.553057861328125,0.00023498535156241118,
dominant_helpfulness,"[0.5, 0.125, 0.125, 0.125, 0.125]",Fair,"alpha=2.0,eps=0.1",OK,"[0.501684, 0.126139, 0.125208, 0.12442, 0.122549]",0.003243478171194274,0.0032859520230478167,0.0006808821927274375,-0.0024572103385889317,0.5528228759765625,0.5534545898437501,0.0006317138671875222,
dominant_correctness,"[0.125, 0.5, 0.125, 0.125, 0.125]",Avg,rho=0.0,OK,"[0.0, 1.0, 0.0, 0.0, 0.0]",0.5590169943749465,0.548125677096667,0.1834101700718554,-0.12900303592254694,0.5563232421875001,0.5555206298828125,-0.0008026123046875888,
dominant_correctness,"[0.125, 0.5, 0.125, 0.125, 0.125]",Avg,rho=0.1,OK,"[0.0, 1.0, 0.0, 0.0, 0.0]",0.5590169943749472,0.5481256770966678,0.18341017007185564,-0.12900303592254705,0.5563232421875001,0.5555206298828125,-0.0008026123046875888,
dominant_correctness,"[0.125, 0.5, 0.125, 0.125, 0.125]",Avg,rho=0.2,OK,"[0.0, 1.0, 0.0, 0.0, 0.0]",0.5590169943749475,0.548125677096668,0.18341017007185573,-0.12900303592254705,0.5563232421875001,0.5555206298828125,-0.0008026123046875888,
dominant_correctness,"[0.125, 0.5, 0.125, 0.125, 0.125]",Avg,rho=0.5,OK,"[0.056742, 0.804814, 0.051281, 0.047414, 0.039749]",0.3410172710228502,0.33484391602642066,0.11212044331259376,-0.08768690551066904,0.5563232421875001,0.5453994750976563,-0.010923767089843772,
dominant_correctness,"[0.125, 0.5, 0.125, 0.125, 0.125]",Cert,,FLOOR_COLLAPSED,"[0.125, 0.5, 0.125, 0.125, 0.125]",0.0,0.0,0.0,0.0,0.5563232421875001,0.5563232421875001,0.0,same merge point as baseline
dominant_correctness,"[0.125, 0.5, 0.125, 0.125, 0.125]",MaxMin,c=0.0,OK_EXACT_D0,"[0.06871, 0.793456, 0.057688, 0.044907, 0.035239]",0.32907144682202794,0.3236966132213309,0.10828801711354273,-0.09225074593032508,0.5563232421875001,0.5508697509765625,-0.005453491210937522,
dominant_correctness,"[0.125, 0.5, 0.125, 0.125, 0.125]",MaxMin,c=0.1,OK,"[0.056859, 0.781487, 0.048019, 0.055803, 0.057831]",0.3148082799384993,0.3085855580034677,0.10319297741486504,-0.06936242185044249,0.5563232421875001,0.555316162109375,-0.001007080078125111,
dominant_correctness,"[0.125, 0.5, 0.125, 0.125, 0.125]",MaxMin,c=0.25,OK,"[0.061074, 0.728242, 0.065762, 0.071648, 0.073274]",0.2553661318714823,0.2500190254900804,0.0834808216182662,-0.053456353698607885,0.5563232421875001,0.5661590576171875,0.009835815429687478,
dominant_correctness,"[0.125, 0.5, 0.125, 0.125, 0.125]",MaxMin,c=0.5,OK,"[0.083033, 0.64984, 0.086111, 0.089975, 0.091042]",0.1676470121622575,0.16413665469243097,0.05480488040675701,-0.0350939175566581,0.5563232421875001,0.5608062744140625,0.004483032226562433,
dominant_correctness,"[0.125, 0.5, 0.125, 0.125, 0.125]",MaxMin,c=0.75,OK,"[0.104116, 0.574565, 0.105647, 0.10757, 0.108102]",0.08342598057059185,0.08167912561447642,0.027272486571741316,-0.017463743889417432,0.5563232421875001,0.5495040893554687,-0.006819152832031383,
dominant_correctness,"[0.125, 0.5, 0.125, 0.125, 0.125]",MaxMin,c=0.9,OK,"[0.116659, 0.529779, 0.117271, 0.118039, 0.118251]",0.03331829439983367,0.03262064329278539,0.010891963515417174,-0.006974591802832461,0.5563232421875001,0.5501632690429688,-0.006159973144531317,
dominant_correctness,"[0.125, 0.5, 0.125, 0.125, 0.125]",MaxMin,c=0.95,OK,"[0.120831, 0.514884, 0.121137, 0.121521, 0.121627]",0.016652322568373786,0.016303639915674472,0.005443750742012503,-0.003485867286294499,0.5563232421875001,0.5564041137695312,8.087158203118339e-05,
dominant_correctness,"[0.125, 0.5, 0.125, 0.125, 0.125]",MaxMin,c=1.0,OK,"[0.125, 0.5, 0.125, 0.125, 0.125]",0.0,0.0,0.0,0.0,0.5563232421875001,0.5563232421875001,0.0,same merge point as baseline
dominant_correctness,"[0.125, 0.5, 0.125, 0.125, 0.125]",Fair,"alpha=0.0,eps=0.01",OK,"[0.168334, 0.487922, 0.113483, 0.115132, 0.115129]",0.04848835623795832,0.04735254731858167,-0.003531965944362032,-0.009999999999999988,0.5563232421875001,0.55975341796875,0.0034301757812499334,
dominant_correctness,"[0.125, 0.5, 0.125, 0.125, 0.125]",Fair,"alpha=0.0,eps=0.02",OK,"[0.211667, 0.475844, 0.101967, 0.105263, 0.105259]",0.09697671247591663,0.09470509463716331,-0.007063931888724114,-0.020000000000000004,0.5563232421875001,0.5541305541992188,-0.0021926879882813166,
dominant_correctness,"[0.125, 0.5, 0.125, 0.125, 0.125]",Fair,"alpha=0.0,eps=0.05",OK,"[0.341668, 0.439611, 0.067417, 0.075658, 0.075646]",0.24244178118979157,0.23676273659290825,-0.017659829721810297,-0.05000000000000001,0.5563232421875001,0.55926513671875,0.0029418945312499334,
dominant_correctness,"[0.125, 0.5, 0.125, 0.125, 0.125]",Fair,"alpha=0.0,eps=0.1",OK,"[0.558336, 0.379222, 0.009833, 0.026317, 0.026293]",0.48488356237958313,0.4735254731858165,-0.03531965944362062,-0.10000000000000002,0.5563232421875001,0.54488525390625,-0.011437988281250089,
dominant_correctness,"[0.125, 0.5, 0.125, 0.125, 0.125]",Fair,"alpha=0.5,eps=0.01",OK,"[0.125678, 0.500451, 0.12507, 0.124756, 0.124044]",0.0012817846541956254,0.0012985546907274452,0.00019484285716332134,-0.0009594214453453867,0.5563232421875001,0.555706787109375,-0.0006164550781250222,
dominant_correctness,"[0.125, 0.5, 0.125, 0.125, 0.125]",Fair,"alpha=0.5,eps=0.02",OK,"[0.126357, 0.500902, 0.125141, 0.124513, 0.123087]",0.002563569417225844,0.0025971094967206045,0.0003896857869504704,-0.001918842971402834,0.5563232421875001,0.5551239013671875,-0.0011993408203125888,
dominant_correctness,"[0.125, 0.5, 0.125, 0.125, 0.125]",Fair,"alpha=0.5,eps=0.05",OK,"[0.128392, 0.502256, 0.125352, 0.123782, 0.120218]",0.006408922391353809,0.0064927725355071846,0.0009742144032650377,-0.004797106287277938,0.5563232421875001,0.5569931030273438,0.0006698608398437722,
dominant_correctness,"[0.125, 0.5, 0.125, 0.125, 0.125]",Fair,"alpha=0.5,eps=0.1",OK,"[0.131784, 0.504512, 0.125705, 0.122564, 0.115435]",0.012817845263049384,0.012985545551518521,0.001948428963469064,-0.00959421301983084,0.5563232421875001,0.5556793212890626,-0.0006439208984374556,
dominant_correctness,"[0.125, 0.5, 0.125, 0.125, 0.125]",Fair,"alpha=1.0,eps=0.01",OK,"[0.125338, 0.500227, 0.12504, 0.124882, 0.124514]",0.0006461122206860011,0.0006545733028891244,9.808857612007363e-05,-0.0004875503307902535,0.5563232421875001,0.5563232421875001,0.0,
dominant_correctness,"[0.125, 0.5, 0.125, 0.125, 0.125]",Fair,"alpha=1.0,eps=0.02",OK,"[0.125675, 0.500454, 0.125079, 0.124764, 0.124028]",0.0012922244145556635,0.0013091465791832853,0.00019617712651307794,-0.0009751005916215982,0.5563232421875001,0.555706787109375,-0.0006164550781250222,
dominant_correctness,"[0.125, 0.5, 0.125, 0.125, 0.125]",Fair,"alpha=1.0,eps=0.05",OK,"[0.126688, 0.501136, 0.125198, 0.12441, 0.122569]",0.0032305606615621566,0.003272866047892177,0.0004904427461126663,-0.002437751412073685,0.5563232421875001,0.5551239013671875,-0.0011993408203125888,
dominant_correctness,"[0.125, 0.5, 0.125, 0.125, 0.125]",Fair,"alpha=1.0,eps=0.1",OK,"[0.128376, 0.502271, 0.125395, 0.12382, 0.120138]",0.0064611215433920165,0.006545732343146081,0.000980885450723127,-0.004875502700681905,0.5563232421875001,0.5560256958007813,-0.00029754638671875,
dominant_correctness,"[0.125, 0.5, 0.125, 0.125, 0.125]",Fair,"alpha=2.0,eps=0.01",OK,"[0.125168, 0.500114, 0.125021, 0.124942, 0.124755]",0.0003243478212626757,0.00032859520646454457,4.9202305604787245e-05,-0.00024572103753891746,0.5563232421875001,0.5563232421875001,0.0,
dominant_correctness,"[0.125, 0.5, 0.125, 0.125, 0.125]",Fair,"alpha=2.0,eps=0.02",OK,"[0.125337, 0.500228, 0.125042, 0.124884, 0.12451]",0.0006486956365489299,0.000657190403644661,9.840453232738802e-05,-0.0004914421421707908,0.5563232421875001,0.5563232421875001,0.0,
dominant_correctness,"[0.125, 0.5, 0.125, 0.125, 0.125]",Fair,"alpha=2.0,eps=0.05",OK,"[0.125842, 0.50057, 0.125104, 0.12471, 0.123775]",0.0016217389849424338,0.0016429759086732793,0.00024601153996591435,-0.0012286050594870045,0.5563232421875001,0.555706787109375,-0.0006164550781250222,
dominant_correctness,"[0.125, 0.5, 0.125, 0.125, 0.125]",Fair,"alpha=2.0,eps=0.1",OK,"[0.126684, 0.501139, 0.125208, 0.12442, 0.122549]",0.0032434781936752964,0.003285952045481065,0.0004920230496371172,-0.0024572103598529743,0.5563232421875001,0.5551239013671875,-0.0011993408203125888,
dominant_coherence,"[0.125, 0.125, 0.5, 0.125, 0.125]",Avg,rho=0.0,OK,"[0.0, 0.0, 1.0, 0.0, 0.0]",0.5590169943749472,0.550566256943954,0.18287388099333649,-0.13113997345310136,0.6026168823242187,0.5880615234375,-0.014555358886718772,
dominant_coherence,"[0.125, 0.125, 0.5, 0.125, 0.125]",Avg,rho=0.1,OK,"[0.0, 0.0, 1.0, 0.0, 0.0]",0.559016994374947,0.550566256943954,0.18287388099333643,-0.1311399734531012,0.6026168823242187,0.5880615234375,-0.014555358886718772,
dominant_coherence,"[0.125, 0.125, 0.5, 0.125, 0.125]",Avg,rho=0.2,OK,"[0.0, 0.0, 1.0, 0.0, 0.0]",0.5590169943749475,0.5505662569439543,0.18287388099333654,-0.1311399734531013,0.6026168823242187,0.5880615234375,-0.014555358886718772,
dominant_coherence,"[0.125, 0.125, 0.5, 0.125, 0.125]",Avg,rho=0.5,OK,"[0.056742, 0.054814, 0.801281, 0.047414, 0.039749]",0.3371094186787888,0.3324328202533708,0.11051157563559429,-0.08896909263490153,0.6026168823242187,0.5967929840087891,-0.005823898315429621,
dominant_coherence,"[0.125, 0.125, 0.5, 0.125, 0.125]",Cert,,FLOOR_COLLAPSED,"[0.125, 0.125, 0.5, 0.125, 0.125]",0.0,0.0,0.0,0.0,0.6026168823242187,0.6026168823242187,0.0,same merge point as baseline
dominant_coherence,"[0.125, 0.125, 0.5, 0.125, 0.125]",MaxMin,c=0.0,OK_EXACT_D0,"[0.06502, 0.06112, 0.792598, 0.046017, 0.035244]",0.328003542820898,0.3238226791078514,0.10758632410306067,-0.09344902929242728,0.6026168823242187,0.5931812286376953,-0.009435653686523438,
dominant_coherence,"[0.125, 0.125, 0.5, 0.125, 0.125]",MaxMin,c=0.1,OK,"[0.054134, 0.050125, 0.781404, 0.055602, 0.058736]",0.31467985526641395,0.3097729908425333,0.10280062342887834,-0.06970314364540148,0.6026168823242187,0.5975326538085938,-0.005084228515624956,
dominant_coherence,"[0.125, 0.125, 0.5, 0.125, 0.125]",MaxMin,c=0.25,OK,"[0.064117, 0.065833, 0.725814, 0.07087, 0.073365]",0.25257798812065585,0.24853649789374943,0.0824139726943096,-0.05435864977448433,0.6026168823242187,0.5984313964843749,-0.004185485839843794,
dominant_coherence,"[0.125, 0.125, 0.5, 0.125, 0.125]",MaxMin,c=0.5,OK,"[0.084894, 0.086024, 0.648755, 0.089342, 0.090985]",0.16638581318063936,0.1637234804775053,0.05429022523387622,-0.035808774206438944,0.6026168823242187,0.5997390747070312,-0.002877807617187478,
dominant_coherence,"[0.125, 0.125, 0.5, 0.125, 0.125]",MaxMin,c=0.75,OK,"[0.105022, 0.105585, 0.574099, 0.107238, 0.108056]",0.08288099901339013,0.08155482348241375,0.027043339922019287,-0.017837259817653186,0.6026168823242187,0.598858642578125,-0.0037582397460936834,
dominant_coherence,"[0.125, 0.125, 0.5, 0.125, 0.125]",MaxMin,c=0.9,OK,"[0.117019, 0.117244, 0.529603, 0.117904, 0.118231]",0.033111374532444685,0.03258156076059537,0.010803949848885462,-0.007126074703315874,0.6026168823242187,0.603192138671875,0.0005752563476563166,
dominant_coherence,"[0.125, 0.125, 0.5, 0.125, 0.125]",MaxMin,c=0.95,OK,"[0.121011, 0.121123, 0.514797, 0.121453, 0.121617]",0.016550308177900482,0.016285487362551674,0.005400219775304948,-0.0035618796895023007,0.6026168823242187,0.60389404296875,0.0012771606445313166,
dominant_coherence,"[0.125, 0.125, 0.5, 0.125, 0.125]",MaxMin,c=1.0,OK,"[0.125, 0.125, 0.5, 0.125, 0.125]",0.0,0.0,0.0,0.0,0.6026168823242187,0.6026168823242187,0.0,same merge point as baseline
dominant_coherence,"[0.125, 0.125, 0.5, 0.125, 0.125]",Fair,"alpha=0.0,eps=0.01",OK,"[0.168334, 0.112922, 0.488483, 0.115132, 0.115129]",0.04848835623795832,0.04735254731858166,-0.0035319659443620232,-0.009999999999999988,0.6026168823242187,0.6035018920898437,0.000885009765625,
dominant_coherence,"[0.125, 0.125, 0.5, 0.125, 0.125]",Fair,"alpha=0.0,eps=0.02",OK,"[0.211667, 0.100844, 0.476967, 0.105263, 0.105259]",0.09697671247591663,0.09470509463716333,-0.007063931888724123,-0.020000000000000007,0.6026168823242187,0.6016983032226563,-0.0009185791015624556,
dominant_coherence,"[0.125, 0.125, 0.5, 0.125, 0.125]",Fair,"alpha=0.0,eps=0.05",OK,"[0.341668, 0.064611, 0.442417, 0.075658, 0.075646]",0.24244178118979157,0.23676273659290825,-0.01765982972181031,-0.05000000000000002,0.6026168823242187,0.5974212646484375,-0.00519561767578125,
dominant_coherence,"[0.125, 0.125, 0.5, 0.125, 0.125]",Fair,"alpha=0.0,eps=0.1",OK,"[0.558336, 0.004222, 0.384833, 0.026317, 0.026293]",0.48488356237958313,0.4735254731858165,-0.035319659443620595,-0.10000000000000002,0.6026168823242187,0.5923858642578125,-0.01023101806640625,
dominant_coherence,"[0.125, 0.125, 0.5, 0.125, 0.125]",Fair,"alpha=0.5,eps=0.01",OK,"[0.125678, 0.125451, 0.50007, 0.124756, 0.124044]",0.0012817846966045445,0.0012985547271201247,5.619718144211466e-05,-0.0009594214846010704,0.6026168823242187,0.6010726928710938,-0.0015441894531249556,
dominant_coherence,"[0.125, 0.125, 0.5, 0.125, 0.125]",Fair,"alpha=0.5,eps=0.02",OK,"[0.126357, 0.125902, 0.500141, 0.124513, 0.123087]",0.002563569417225844,0.0025971094967206045,0.00011239456088524902,-0.001918842971402834,0.6026168823242187,0.6022750854492187,-0.0003417968750000222,
dominant_coherence,"[0.125, 0.125, 0.5, 0.125, 0.125]",Fair,"alpha=0.5,eps=0.05",OK,"[0.128392, 0.127256, 0.500352, 0.123782, 0.120218]",0.00640892272504899,0.006492772871471518,0.00028098590317687843,-0.004797106675643925,0.6026168823242187,0.6006881713867187,-0.0019287109375000222,
dominant_coherence,"[0.125, 0.125, 0.5, 0.125, 0.125]",Fair,"alpha=0.5,eps=0.1",OK,"[0.131784, 0.129512, 0.500705, 0.122564, 0.115435]",0.012817845443189757,0.012985545730135713,0.0005619717792311398,-0.00959421340165598,0.6026168823242187,0.6002609252929688,-0.002355957031249911,
dominant_coherence,"[0.125, 0.125, 0.5, 0.125, 0.125]",Fair,"alpha=1.0,eps=0.01",OK,"[0.125338, 0.125227, 0.50004, 0.124882, 0.124514]",0.0006461120867838672,0.0006545731572270727,2.9766428993199626e-05,-0.000487550278945718,0.6026168823242187,0.6026779174804687,6.103515625e-05,
dominant_coherence,"[0.125, 0.125, 0.5, 0.125, 0.125]",Fair,"alpha=1.0,eps=0.02",OK,"[0.125675, 0.125454, 0.500079, 0.124764, 0.124028]",0.001292224431530532,0.0013091465953474983,5.953293374056107e-05,-0.0009751006592481548,0.6026168823242187,0.6010726928710938,-0.0015441894531249556,
dominant_coherence,"[0.125, 0.125, 0.5, 0.125, 0.125]",Fair,"alpha=1.0,eps=0.05",OK,"[0.126688, 0.126136, 0.500198, 0.12441, 0.122569]",0.003230560816794889,0.003272866226723275,0.00014883231628785683,-0.0024377513515968815,0.6026168823242187,0.6020156860351562,-0.0006011962890625222,
dominant_coherence,"[0.125, 0.125, 0.5, 0.125, 0.125]",Fair,"alpha=1.0,eps=0.1",OK,"[0.128376, 0.127271, 0.500395, 0.12382, 0.120138]",0.006461121829933688,0.006545732633818251,0.0002976644781654891,-0.004875503024938071,0.6026168823242187,0.6006332397460937,-0.001983642578125,
dominant_coherence,"[0.125, 0.125, 0.5, 0.125, 0.125]",Fair,"alpha=2.0,eps=0.01",OK,"[0.125168, 0.125114, 0.500021, 0.124942, 0.124755]",0.00032434784491802184,0.00032859522828028806,1.5299687338650257e-05,-0.000245720989779691,0.6026168823242187,0.6023513793945313,-0.0002655029296874112,
dominant_coherence,"[0.125, 0.125, 0.5, 0.125, 0.125]",Fair,"alpha=2.0,eps=0.02",OK,"[0.125337, 0.125228, 0.500042, 0.124884, 0.12451]",0.0006486954847514062,0.000657190249799304,3.059943751284624e-05,-0.0004914420134968442,0.6026168823242187,0.6026779174804687,6.103515625e-05,
dominant_coherence,"[0.125, 0.125, 0.5, 0.125, 0.125]",Fair,"alpha=2.0,eps=0.05",OK,"[0.125842, 0.12557, 0.500104, 0.12471, 0.123775]",0.0016217390721778506,0.0016429759989527897,7.649865349262152e-05,-0.0012286051700763669,0.6026168823242187,0.6010726928710938,-0.0015441894531249556,
dominant_coherence,"[0.125, 0.125, 0.5, 0.125, 0.125]",Fair,"alpha=2.0,eps=0.1",OK,"[0.126684, 0.126139, 0.500208, 0.12442, 0.122549]",0.0032434782679514914,0.0032859521206911125,0.0001529973141909482,-0.0024572104851389876,0.6026168823242187,0.6020156860351562,-0.0006011962890625222,
dominant_complexity,"[0.125, 0.125, 0.125, 0.5, 0.125]",Avg,rho=0.0,OK,"[0.0, 0.0, 0.0, 1.0, 0.0]",0.5590169943749472,0.5538027478088211,0.18215902495427155,-0.13270204436092428,0.5361297607421875,0.5450813293457032,0.008951568603515647,
dominant_complexity,"[0.125, 0.125, 0.125, 0.5, 0.125]",Avg,rho=0.1,OK,"[0.0, 0.0, 0.0, 1.0, 0.0]",0.5590169943749475,0.5538027478088213,0.18215902495427166,-0.13270204436092445,0.5361297607421875,0.5450813293457032,0.008951568603515647,
dominant_complexity,"[0.125, 0.125, 0.125, 0.5, 0.125]",Avg,rho=0.2,OK,"[0.0, 0.0, 0.0, 1.0, 0.0]",0.5590169943749475,0.5538027478088213,0.18215902495427166,-0.13270204436092445,0.5361297607421875,0.5450813293457032,0.008951568603515647,
dominant_complexity,"[0.125, 0.125, 0.125, 0.5, 0.125]",Avg,rho=0.5,OK,"[0.056742, 0.054814, 0.051281, 0.797414, 0.039749]",0.33277959435642424,0.32919144893666985,0.1083670066127346,-0.07533599186331619,0.5361297607421875,0.5472015380859375,0.011071777343749978,
dominant_complexity,"[0.125, 0.125, 0.125, 0.5, 0.125]",Cert,,FLOOR_COLLAPSED,"[0.125, 0.125, 0.125, 0.5, 0.125]",0.0,0.0,0.0,0.0,0.5361297607421875,0.5361297607421875,0.0,same merge point as baseline
dominant_complexity,"[0.125, 0.125, 0.125, 0.5, 0.125]",MaxMin,c=0.0,OK_EXACT_D0,"[0.05331, 0.052914, 0.050592, 0.791454, 0.051729]",0.32586292350315843,0.3227956666215364,0.1061866449140253,-0.07637663683053714,0.5361297607421875,0.548358154296875,0.012228393554687411,
dominant_complexity,"[0.125, 0.125, 0.125, 0.5, 0.125]",MaxMin,c=0.1,OK,"[0.063268, 0.061943, 0.060947, 0.764226, 0.049616]",0.29561399209103184,0.2924509382505252,0.09627024757274673,-0.06557547975320555,0.5361297607421875,0.5510772705078124,0.014947509765624867,
dominant_complexity,"[0.125, 0.125, 0.125, 0.5, 0.125]",MaxMin,c=0.25,OK,"[0.073765, 0.072665, 0.071839, 0.719296, 0.062435]",0.2453474625625436,0.24272225788861182,0.07990034840762143,-0.05442495279051627,0.5361297607421875,0.5485412597656251,0.012411499023437522,
dominant_complexity,"[0.125, 0.125, 0.125, 0.5, 0.125]",MaxMin,c=0.5,OK,"[0.090887, 0.090155, 0.089605, 0.646008, 0.083344]",0.16335326366561875,0.16160539251668574,0.05319795258562251,-0.036236338335521784,0.5361297607421875,0.5470611572265625,0.010931396484374911,
dominant_complexity,"[0.125, 0.125, 0.125, 0.5, 0.125]",MaxMin,c=0.75,OK,"[0.107951, 0.107585, 0.10731, 0.572973, 0.104181]",0.08164159951235359,0.08076803878183467,0.02658756759683081,-0.01811039801591359,0.5361297607421875,0.5510269165039062,0.014897155761718683,
dominant_complexity,"[0.125, 0.125, 0.125, 0.5, 0.125]",MaxMin,c=0.9,OK,"[0.118181, 0.118035, 0.117925, 0.529185, 0.116674]",0.032651976095758276,0.032302601704988526,0.010633508245814256,-0.007243124664783177,0.5361297607421875,0.54798583984375,0.0118560791015625,
dominant_complexity,"[0.125, 0.125, 0.125, 0.5, 0.125]",MaxMin,c=0.95,OK,"[0.121591, 0.121518, 0.121463, 0.514592, 0.120837]",0.016325374650747872,0.016150694018679357,0.005316554362762941,-0.0036214262636930913,0.5361297607421875,0.5445037841796875,0.008374023437499933,
dominant_complexity,"[0.125, 0.125, 0.125, 0.5, 0.125]",MaxMin,c=1.0,OK,"[0.125, 0.125, 0.125, 0.5, 0.125]",0.0,0.0,0.0,0.0,0.5361297607421875,0.5361297607421875,0.0,same merge point as baseline
dominant_complexity,"[0.125, 0.125, 0.125, 0.5, 0.125]",Fair,"alpha=0.0,eps=0.01",OK,"[0.168334, 0.112922, 0.113483, 0.490132, 0.115129]",0.048488356237958316,0.047352547318581656,-0.003531965944362054,-0.010000000000000004,0.5361297607421875,0.5440475463867187,0.007917785644531161,
dominant_complexity,"[0.125, 0.125, 0.125, 0.5, 0.125]",Fair,"alpha=0.0,eps=0.02",OK,"[0.211667, 0.100844, 0.101967, 0.480263, 0.105259]",0.09697671247591665,0.09470509463716333,-0.007063931888724136,-0.020000000000000028,0.5361297607421875,0.5402435302734375,0.004113769531249978,
dominant_complexity,"[0.125, 0.125, 0.125, 0.5, 0.125]",Fair,"alpha=0.0,eps=0.05",OK,"[0.341668, 0.064611, 0.067417, 0.450658, 0.075646]",0.24244178118979154,0.23676273659290825,-0.0176598297218103,-0.05000000000000001,0.5361297607421875,0.5401992797851562,0.004069519042968706,
dominant_complexity,"[0.125, 0.125, 0.125, 0.5, 0.125]",Fair,"alpha=0.0,eps=0.1",OK,"[0.558336, 0.004222, 0.009833, 0.401317, 0.026293]",0.48488356237958313,0.4735254731858165,-0.03531965944362063,-0.10000000000000002,0.5361297607421875,0.5419326782226562,0.005802917480468683,
dominant_complexity,"[0.125, 0.125, 0.125, 0.5, 0.125]",Fair,"alpha=0.5,eps=0.01",OK,"[0.125678, 0.125451, 0.12507, 0.499756, 0.124044]",0.001281784472012363,0.001298554503827396,-8.731548679021129e-05,-0.0009594211425735528,0.5361297607421875,0.5356842041015626,-0.0004455566406249556,
dominant_complexity,"[0.125, 0.125, 0.125, 0.5, 0.125]",Fair,"alpha=0.5,eps=0.02",OK,"[0.126357, 0.125902, 0.125141, 0.499513, 0.123087]",0.002563569417225839,0.002597109496720599,-0.0001746309496353795,-0.001918842971402833,0.5361297607421875,0.5341369628906251,-0.001992797851562478,
dominant_complexity,"[0.125, 0.125, 0.125, 0.5, 0.125]",Fair,"alpha=0.5,eps=0.05",OK,"[0.128392, 0.127256, 0.125352, 0.498782, 0.120218]",0.0064089229628179305,0.006492773161213759,-0.00043657740833621505,-0.004797106915159219,0.5361297607421875,0.5360382080078124,-9.155273437511102e-05,
dominant_complexity,"[0.125, 0.125, 0.125, 0.5, 0.125]",Fair,"alpha=0.5,eps=0.1",OK,"[0.131784, 0.129512, 0.125705, 0.497564, 0.115435]",0.01281784539185844,0.012985545683238847,-0.0008731541448329342,-0.00959421350982226,0.5361297607421875,0.5384963989257813,0.002366638183593728,
dominant_complexity,"[0.125, 0.125, 0.125, 0.5, 0.125]",Fair,"alpha=1.0,eps=0.01",OK,"[0.125338, 0.125227, 0.12504, 0.499882, 0.124514]",0.0006461120867838584,0.0006545731572270623,-4.228169770224355e-05,-0.00048755027894570524,0.5361297607421875,0.5356842041015626,-0.0004455566406249556,
dominant_complexity,"[0.125, 0.125, 0.125, 0.5, 0.125]",Fair,"alpha=1.0,eps=0.02",OK,"[0.125675, 0.125454, 0.125079, 0.499764, 0.124028]",0.0012922244976975306,0.0013091466598253317,-8.456354123842536e-05,-0.0009751007332828099,0.5361297607421875,0.5356842041015626,-0.0004455566406249556,
dominant_complexity,"[0.125, 0.125, 0.125, 0.5, 0.125]",Fair,"alpha=1.0,eps=0.05",OK,"[0.126688, 0.126136, 0.125198, 0.49941, 0.122569]",0.003230560903067488,0.003272866306960407,-0.0002114088696681597,-0.002437751505237145,0.5361297607421875,0.535760498046875,-0.0003692626953125666,
dominant_complexity,"[0.125, 0.125, 0.125, 0.5, 0.125]",Fair,"alpha=1.0,eps=0.1",OK,"[0.128376, 0.127271, 0.125395, 0.49882, 0.120138]",0.00646112151064756,0.006545732314798903,-0.00042281775157598496,-0.004875502719620283,0.5361297607421875,0.5360382080078124,-9.155273437511102e-05,
dominant_complexity,"[0.125, 0.125, 0.125, 0.5, 0.125]",Fair,"alpha=2.0,eps=0.01",OK,"[0.125168, 0.125114, 0.125021, 0.499942, 0.124755]",0.0003243478078509428,0.0003285951932484955,-2.0785932626504705e-05,-0.00024572102684575323,0.5361297607421875,0.5356842041015626,-0.0004455566406249556,
dominant_complexity,"[0.125, 0.125, 0.125, 0.5, 0.125]",Fair,"alpha=2.0,eps=0.02",OK,"[0.125337, 0.125228, 0.125042, 0.499884, 0.12451]",0.0006486956409936137,0.000657190411311031,-4.1571861558437086e-05,-0.0004914420741629395,0.5361297607421875,0.5356842041015626,-0.0004455566406249556,
dominant_complexity,"[0.125, 0.125, 0.125, 0.5, 0.125]",Fair,"alpha=2.0,eps=0.05",OK,"[0.125842, 0.12557, 0.125104, 0.49971, 0.123775]",0.0016217390982729012,0.0016429760241132864,-0.00010392965278528588,-0.0012286051864413838,0.5361297607421875,0.5356842041015626,-0.0004455566406249556,
dominant_complexity,"[0.125, 0.125, 0.125, 0.5, 0.125]",Fair,"alpha=2.0,eps=0.1",OK,"[0.126684, 0.126139, 0.125208, 0.49942, 0.122549]",0.0032434782045084277,0.003285952056213338,-0.00020785930664126714,-0.0024572103763402272,0.5361297607421875,0.535760498046875,-0.0003692626953125666,
dominant_verbosity,"[0.125, 0.125, 0.125, 0.125, 0.5]",Avg,rho=0.0,OK,"[0.0, 0.0, 0.0, 0.0, 1.0]",0.5590169943749475,0.5590658190827532,0.1809876036370579,-0.13869330166173824,0.5730728149414062,0.564422607421875,-0.008650207519531161,
dominant_verbosity,"[0.125, 0.125, 0.125, 0.125, 0.5]",Avg,rho=0.1,OK,"[0.0, 0.0, 0.0, 0.0, 1.0]",0.5590169943749472,0.5590658190827531,0.18098760363705785,-0.1386933016617382,0.5730728149414062,0.564422607421875,-0.008650207519531161,
dominant_verbosity,"[0.125, 0.125, 0.125, 0.125, 0.5]",Avg,rho=0.2,OK,"[0.0, 0.0, 0.0, 0.0, 1.0]",0.5590169943749475,0.5590658190827532,0.1809876036370579,-0.13869330166173824,0.5730728149414062,0.564422607421875,-0.008650207519531161,
dominant_verbosity,"[0.125, 0.125, 0.125, 0.125, 0.5]",Avg,rho=0.5,OK,"[0.056742, 0.054814, 0.051281, 0.047414, 0.789749]",0.3240277033456738,0.3238097271784631,0.10485273931814994,-0.08142381425615812,0.5730728149414062,0.5699356079101563,-0.0031372070312498668,
dominant_verbosity,"[0.125, 0.125, 0.125, 0.125, 0.5]",Cert,,FLOOR_COLLAPSED,"[0.125, 0.125, 0.125, 0.125, 0.5]",0.0,0.0,0.0,0.0,0.5730728149414062,0.5730728149414062,0.0,same merge point as baseline
dominant_verbosity,"[0.125, 0.125, 0.125, 0.125, 0.5]",MaxMin,c=0.0,OK_EXACT_D0,"[0.053134, 0.050743, 0.047316, 0.059226, 0.78958]",0.32387713869861817,0.3242298995413622,0.10489640097160398,-0.08555327442228815,0.5730728149414062,0.5673492431640625,-0.005723571777343617,
dominant_verbosity,"[0.125, 0.125, 0.125, 0.125, 0.5]",MaxMin,c=0.1,OK,"[0.061192, 0.061826, 0.06186, 0.047101, 0.768021]",0.29992101329505855,0.29941783727046856,0.09691895563926271,-0.07032732157611439,0.5730728149414062,0.57147216796875,-0.0016006469726561612,
dominant_verbosity,"[0.125, 0.125, 0.125, 0.125, 0.5]",MaxMin,c=0.25,OK,"[0.072703, 0.073222, 0.07325, 0.061153, 0.719672]",0.24581792698235008,0.24540551944240133,0.07943563706588219,-0.057640897548762754,0.5730728149414062,0.5665176391601563,-0.006555175781249867,
dominant_verbosity,"[0.125, 0.125, 0.125, 0.125, 0.5]",MaxMin,c=0.5,OK,"[0.090296, 0.090641, 0.09066, 0.082632, 0.645771]",0.16312098894539984,0.16284732165599256,0.05271226486514522,-0.038249611520520865,0.5730728149414062,0.5640747070312501,-0.008998107910156095,
dominant_verbosity,"[0.125, 0.125, 0.125, 0.125, 0.5]",MaxMin,c=0.75,OK,"[0.107674, 0.107846, 0.107856, 0.103848, 0.572776]",0.08143742881378427,0.08130080163573773,0.02631636397818483,-0.019095948568580608,0.5730728149414062,0.5728973388671875,-0.00017547607421863898,
dominant_verbosity,"[0.125, 0.125, 0.125, 0.125, 0.5]",MaxMin,c=0.9,OK,"[0.118073, 0.118142, 0.118146, 0.116543, 0.529096]",0.03255865242346999,0.03250402893072946,0.010521272101731888,-0.007634552824138807,0.5730728149414062,0.5772186279296875,0.004145812988281317,
dominant_verbosity,"[0.125, 0.125, 0.125, 0.125, 0.5]",MaxMin,c=0.95,OK,"[0.121537, 0.121571, 0.121573, 0.120772, 0.514546]",0.016277182015090534,0.016249873866028556,0.005259943157436489,-0.0038167736276686786,0.5730728149414062,0.5737319946289063,0.0006591796875001776,
dominant_verbosity,"[0.125, 0.125, 0.125, 0.125, 0.5]",MaxMin,c=1.0,OK,"[0.125, 0.125, 0.125, 0.125, 0.5]",0.0,0.0,0.0,0.0,0.5730728149414062,0.5730728149414062,0.0,same merge point as baseline
dominant_verbosity,"[0.125, 0.125, 0.125, 0.125, 0.5]",Fair,"alpha=0.0,eps=0.01",OK,"[0.168334, 0.112922, 0.113483, 0.115132, 0.490129]",0.048488356237958316,0.047352547318581656,-0.0035319659443620493,-0.010000000000000004,0.5730728149414062,0.5756362915039062,0.0025634765625,
dominant_verbosity,"[0.125, 0.125, 0.125, 0.125, 0.5]",Fair,"alpha=0.0,eps=0.02",OK,"[0.211667, 0.100844, 0.101967, 0.105263, 0.480259]",0.09697671247591663,0.09470509463716333,-0.007063931888724126,-0.020000000000000007,0.5730728149414062,0.5763229370117188,0.003250122070312611,
dominant_verbosity,"[0.125, 0.125, 0.125, 0.125, 0.5]",Fair,"alpha=0.0,eps=0.05",OK,"[0.341668, 0.064611, 0.067417, 0.075658, 0.450646]",0.24244178118979157,0.23676273659290825,-0.017659829721810304,-0.05000000000000001,0.5730728149414062,0.5746246337890625,0.0015518188476563166,
dominant_verbosity,"[0.125, 0.125, 0.125, 0.125, 0.5]",Fair,"alpha=0.0,eps=0.1",OK,"[0.558336, 0.004222, 0.009833, 0.026317, 0.401293]",0.48488356237958313,0.4735254731858165,-0.03531965944362063,-0.10000000000000002,0.5730728149414062,0.5777679443359376,0.004695129394531428,
dominant_verbosity,"[0.125, 0.125, 0.125, 0.125, 0.5]",Fair,"alpha=0.5,eps=0.01",OK,"[0.125678, 0.125451, 0.12507, 0.124756, 0.499044]",0.0012817845515067888,0.0012985545803292989,-0.00034869050887099777,-0.0009594213490816719,0.5730728149414062,0.5740921020507812,0.0010192871093750444,
dominant_verbosity,"[0.125, 0.125, 0.125, 0.125, 0.5]",Fair,"alpha=0.5,eps=0.02",OK,"[0.126357, 0.125902, 0.125141, 0.124513, 0.498087]",0.00256356914741638,0.002597109199866151,-0.0006973810399113809,-0.0019188427580769704,0.5730728149414062,0.5751113891601562,0.002038574218750089,
dominant_verbosity,"[0.125, 0.125, 0.125, 0.125, 0.5]",Fair,"alpha=0.5,eps=0.05",OK,"[0.128392, 0.127256, 0.125352, 0.123782, 0.495218]",0.006408922770899495,0.006492772930749298,-0.001743452568384773,-0.0047971068106468315,0.5730728149414062,0.5771697998046875,0.004096984863281361,
dominant_verbosity,"[0.125, 0.125, 0.125, 0.125, 0.5]",Fair,"alpha=0.5,eps=0.1",OK,"[0.131784, 0.129512, 0.125705, 0.122564, 0.490435]",0.012817845263049433,0.012985545551518575,-0.0034869049143899963,-0.009594213019830825,0.5730728149414062,0.5816650390625,0.008592224121093839,
dominant_verbosity,"[0.125, 0.125, 0.125, 0.125, 0.5]",Fair,"alpha=1.0,eps=0.01",OK,"[0.125338, 0.125227, 0.12504, 0.124882, 0.499514]",0.0006461121477759498,0.0006545732293975486,-0.00017723766141280087,-0.0004875503395610521,0.5730728149414062,0.5740158081054687,0.0009429931640625444,
dominant_verbosity,"[0.125, 0.125, 0.125, 0.125, 0.5]",Fair,"alpha=1.0,eps=0.02",OK,"[0.125675, 0.125454, 0.125079, 0.124764, 0.499028]",0.00129222453526524,0.0013091467183009222,-0.00035447526907033067,-0.0009751005417032932,0.5730728149414062,0.5740921020507812,0.0010192871093750444,
dominant_verbosity,"[0.125, 0.125, 0.125, 0.125, 0.5]",Fair,"alpha=1.0,eps=0.05",OK,"[0.126688, 0.126136, 0.125198, 0.12441, 0.497569]",0.0032305608167948908,0.0032728662267232774,-0.0008861881767352671,-0.0024377513515968815,0.5730728149414062,0.5766372680664062,0.003564453125000089,
dominant_verbosity,"[0.125, 0.125, 0.125, 0.125, 0.5]",Fair,"alpha=1.0,eps=0.1",OK,"[0.128376, 0.127271, 0.125395, 0.12382, 0.495138]",0.006461121455535631,0.006545732265957702,-0.0017723765360264493,-0.004875503186314054,0.5730728149414062,0.5771697998046875,0.004096984863281361,
dominant_verbosity,"[0.125, 0.125, 0.125, 0.125, 0.5]",Fair,"alpha=2.0,eps=0.01",OK,"[0.125168, 0.125114, 0.125021, 0.124942, 0.499755]",0.00032434783523971393,0.00032859522048334734,-8.933697425379966e-05,-0.0002457210489429522,0.5730728149414062,0.5732284545898437,0.0001556396484375666,
dominant_verbosity,"[0.125, 0.125, 0.125, 0.125, 0.5]",Fair,"alpha=2.0,eps=0.02",OK,"[0.125337, 0.125228, 0.125042, 0.124884, 0.49951]",0.0006486955345880233,0.0006571903013826444,-0.00017867392503091072,-0.000491442032089672,0.5730728149414062,0.5740158081054687,0.0009429931640625444,
dominant_verbosity,"[0.125, 0.125, 0.125, 0.125, 0.5]",Fair,"alpha=2.0,eps=0.05",OK,"[0.125842, 0.12557, 0.125104, 0.12471, 0.498775]",0.0016217390989207712,0.0016429760247664317,-0.00044668484917318325,-0.001228605184037066,0.5730728149414062,0.5749099731445313,0.0018371582031251332,
dominant_verbosity,"[0.125, 0.125, 0.125, 0.125, 0.5]",Fair,"alpha=2.0,eps=0.1",OK,"[0.126684, 0.126139, 0.125208, 0.12442, 0.497549]",0.0032434784925506914,0.003285952336171058,-0.0008933698831112962,-0.002457210867276676,0.5730728149414062,0.5766372680664062,0.003564453125000089,
only_helpfulness,"[1.0, 0.0, 0.0, 0.0, 0.0]",Avg,rho=0.0,OK,"[1.0, 0.0, 0.0, 0.0, 0.0]",0.0,0.0,0.0,0.0,0.51531982421875,0.51531982421875,0.0,same merge point as baseline
only_helpfulness,"[1.0, 0.0, 0.0, 0.0, 0.0]",Avg,rho=0.1,OK,"[1.0, 0.0, 0.0, 0.0, 0.0]",0.0,0.0,0.0,0.0,0.51531982421875,0.51531982421875,0.0,same merge point as baseline
only_helpfulness,"[1.0, 0.0, 0.0, 0.0, 0.0]",Avg,rho=0.2,OK,"[1.0, 0.0, 0.0, 0.0, 0.0]",0.0,0.0,0.0,0.0,0.51531982421875,0.51531982421875,0.0,same merge point as baseline
only_helpfulness,"[1.0, 0.0, 0.0, 0.0, 0.0]",Avg,rho=0.5,OK,"[1.0, 0.0, 0.0, 0.0, 0.0]",0.0,0.0,0.0,0.0,0.51531982421875,0.51531982421875,0.0,same merge point as baseline
only_helpfulness,"[1.0, 0.0, 0.0, 0.0, 0.0]",Cert,,FLOOR_COLLAPSED,"[1.0, 0.0, 0.0, 0.0, 0.0]",0.0,0.0,0.0,0.0,0.51531982421875,0.51531982421875,0.0,same merge point as baseline
only_helpfulness,"[1.0, 0.0, 0.0, 0.0, 0.0]",MaxMin,c=0.0,INFEASIBLE_BALL_MISSES_SIMPLEX,,,,,,0.51531982421875,,,INFEASIBLE_BALL_MISSES_SIMPLEX
only_helpfulness,"[1.0, 0.0, 0.0, 0.0, 0.0]",MaxMin,c=0.1,INFEASIBLE_BALL_MISSES_SIMPLEX,,,,,,0.51531982421875,,,INFEASIBLE_BALL_MISSES_SIMPLEX
only_helpfulness,"[1.0, 0.0, 0.0, 0.0, 0.0]",MaxMin,c=0.25,INFEASIBLE_BALL_MISSES_SIMPLEX,,,,,,0.51531982421875,,,INFEASIBLE_BALL_MISSES_SIMPLEX
only_helpfulness,"[1.0, 0.0, 0.0, 0.0, 0.0]",MaxMin,c=0.5,INFEASIBLE_BALL_MISSES_SIMPLEX,,,,,,0.51531982421875,,,INFEASIBLE_BALL_MISSES_SIMPLEX
only_helpfulness,"[1.0, 0.0, 0.0, 0.0, 0.0]",MaxMin,c=0.75,INFEASIBLE_BALL_MISSES_SIMPLEX,,,,,,0.51531982421875,,,INFEASIBLE_BALL_MISSES_SIMPLEX
only_helpfulness,"[1.0, 0.0, 0.0, 0.0, 0.0]",MaxMin,c=0.9,INFEASIBLE_BALL_MISSES_SIMPLEX,,,,,,0.51531982421875,,,INFEASIBLE_BALL_MISSES_SIMPLEX
only_helpfulness,"[1.0, 0.0, 0.0, 0.0, 0.0]",MaxMin,c=0.95,INFEASIBLE_BALL_MISSES_SIMPLEX,,,,,,0.51531982421875,,,INFEASIBLE_BALL_MISSES_SIMPLEX
only_helpfulness,"[1.0, 0.0, 0.0, 0.0, 0.0]",MaxMin,c=1.0,OK,"[1.0, 0.0, 0.0, 0.0, 0.0]",3.064355504321603e-17,3.0682756232696826e-17,1.214038912680167e-18,9.869333191823357e-19,0.51531982421875,0.51531982421875,0.0,same merge point as baseline
only_helpfulness,"[1.0, 0.0, 0.0, 0.0, 0.0]",Fair,"alpha=0.0,eps=0.01",OK,"[1.0, 0.0, 0.0, 0.0, 0.0]",0.0,0.0,0.0,0.0,0.51531982421875,0.51531982421875,0.0,same merge point as baseline
only_helpfulness,"[1.0, 0.0, 0.0, 0.0, 0.0]",Fair,"alpha=0.0,eps=0.02",OK,"[1.0, 0.0, 0.0, 0.0, 0.0]",0.0,0.0,0.0,0.0,0.51531982421875,0.51531982421875,0.0,same merge point as baseline
only_helpfulness,"[1.0, 0.0, 0.0, 0.0, 0.0]",Fair,"alpha=0.0,eps=0.05",OK,"[1.0, 0.0, 0.0, 0.0, 0.0]",0.0,0.0,0.0,0.0,0.51531982421875,0.51531982421875,0.0,same merge point as baseline
only_helpfulness,"[1.0, 0.0, 0.0, 0.0, 0.0]",Fair,"alpha=0.0,eps=0.1",OK,"[1.0, 0.0, 0.0, 0.0, 0.0]",0.0,0.0,0.0,0.0,0.51531982421875,0.51531982421875,0.0,same merge point as baseline
only_helpfulness,"[1.0, 0.0, 0.0, 0.0, 0.0]",Fair,"alpha=0.5,eps=0.01",OK,"[1.0, 0.0, 0.0, 0.0, 0.0]",3.549944353954918e-16,3.4433859129560207e-16,-2.0478621237163679e-16,-2.0478621237163679e-16,0.51531982421875,0.51531982421875,0.0,same merge point as baseline
only_helpfulness,"[1.0, 0.0, 0.0, 0.0, 0.0]",Fair,"alpha=0.5,eps=0.02",OK,"[1.0, 0.0, 0.0, 0.0, 0.0]",8.91783513439558e-16,8.909238214062282e-16,-6.594914167201919e-16,-6.594914167201919e-16,0.51531982421875,0.51531982421875,0.0,same merge point as baseline
only_helpfulness,"[1.0, 0.0, 0.0, 0.0, 0.0]",Fair,"alpha=0.5,eps=0.05",OK,"[1.0, 0.0, 0.0, 0.0, 0.0]",1.1217589726265809e-16,1.123611057996431e-16,6.731325267223978e-18,3.8400326578127225e-18,0.51531982421875,0.51531982421875,0.0,same merge point as baseline
only_helpfulness,"[1.0, 0.0, 0.0, 0.0, 0.0]",Fair,"alpha=0.5,eps=0.1",OK,"[1.0, 0.0, 0.0, 0.0, 0.0]",9.974659986866641e-17,9.974659986866641e-17,7.313404235456299e-19,5.072439269264394e-20,0.51531982421875,0.51531982421875,0.0,same merge point as baseline
only_helpfulness,"[1.0, 0.0, 0.0, 0.0, 0.0]",Fair,"alpha=1.0,eps=0.01",OK,"[1.0, 0.0, 0.0, 0.0, 0.0]",1.749310572376045e-14,1.6916003606959617e-14,-1.3036646173595619e-14,-1.3036646173595617e-14,0.51531982421875,0.51531982421875,0.0,same merge point as baseline
only_helpfulness,"[1.0, 0.0, 0.0, 0.0, 0.0]",Fair,"alpha=1.0,eps=0.02",OK,"[1.0, 0.0, 0.0, 0.0, 0.0]",5.463140703517678e-15,5.2832841109758685e-15,-4.074302421659724e-15,-4.074302421659724e-15,0.51531982421875,0.51531982421875,0.0,same merge point as baseline
only_helpfulness,"[1.0, 0.0, 0.0, 0.0, 0.0]",Fair,"alpha=1.0,eps=0.05",OK,"[1.0, 0.0, 0.0, 0.0, 0.0]",1.795795129864134e-15,1.7491284926387024e-15,-1.270110935308517e-15,-1.270110935308517e-15,0.51531982421875,0.51531982421875,0.0,same merge point as baseline
only_helpfulness,"[1.0, 0.0, 0.0, 0.0, 0.0]",Fair,"alpha=1.0,eps=0.1",OK,"[1.0, 0.0, 0.0, 0.0, 0.0]",7.185692352758267e-16,7.178411296645788e-16,-5.497736589920977e-16,-5.497736589920977e-16,0.51531982421875,0.51531982421875,0.0,same merge point as baseline
only_helpfulness,"[1.0, 0.0, 0.0, 0.0, 0.0]",Fair,"alpha=2.0,eps=0.01",OK,"[1.0, 0.0, 0.0, 0.0, 0.0]",1.3553733922220182e-14,1.3110375690601679e-14,-9.501134859191297e-15,-9.501134859191297e-15,0.51531982421875,0.51531982421875,0.0,same merge point as baseline
only_helpfulness,"[1.0, 0.0, 0.0, 0.0, 0.0]",Fair,"alpha=2.0,eps=0.02",OK,"[1.0, 0.0, 0.0, 0.0, 0.0]",3.831865631367878e-15,3.814698744582858e-15,-2.6398566368673695e-15,-2.6398566368673695e-15,0.51531982421875,0.51531982421875,0.0,same merge point as baseline
only_helpfulness,"[1.0, 0.0, 0.0, 0.0, 0.0]",Fair,"alpha=2.0,eps=0.05",OK,"[1.0, 0.0, 0.0, 0.0, 0.0]",1.4766882555398205e-14,1.471803701225056e-14,-1.057834603945282e-14,-1.057834603945282e-14,0.51531982421875,0.51531982421875,0.0,same merge point as baseline
only_helpfulness,"[1.0, 0.0, 0.0, 0.0, 0.0]",Fair,"alpha=2.0,eps=0.1",OK,"[1.0, 0.0, 0.0, 0.0, 0.0]",8.638749111580648e-15,8.61050651252871e-15,-6.47925633888351e-15,-6.47925633888351e-15,0.51531982421875,0.51531982421875,0.0,same merge point as baseline
only_correctness,"[0.0, 1.0, 0.0, 0.0, 0.0]",Avg,rho=0.0,OK,"[0.0, 1.0, 0.0, 0.0, 0.0]",0.0,0.0,0.0,0.0,0.54769287109375,0.54769287109375,0.0,same merge point as baseline
only_correctness,"[0.0, 1.0, 0.0, 0.0, 0.0]",Avg,rho=0.1,OK,"[0.0, 1.0, 0.0, 0.0, 0.0]",0.0,0.0,0.0,0.0,0.54769287109375,0.54769287109375,0.0,same merge point as baseline
only_correctness,"[0.0, 1.0, 0.0, 0.0, 0.0]",Avg,rho=0.2,OK,"[0.0, 1.0, 0.0, 0.0, 0.0]",0.0,0.0,0.0,0.0,0.54769287109375,0.54769287109375,0.0,same merge point as baseline
only_correctness,"[0.0, 1.0, 0.0, 0.0, 0.0]",Avg,rho=0.5,OK,"[0.0, 1.0, 0.0, 0.0, 0.0]",0.0,0.0,0.0,0.0,0.54769287109375,0.54769287109375,0.0,same merge point as baseline
only_correctness,"[0.0, 1.0, 0.0, 0.0, 0.0]",Cert,,FLOOR_COLLAPSED,"[0.0, 1.0, 0.0, 0.0, 0.0]",0.0,0.0,0.0,0.0,0.54769287109375,0.54769287109375,0.0,same merge point as baseline
only_correctness,"[0.0, 1.0, 0.0, 0.0, 0.0]",MaxMin,c=0.0,INFEASIBLE_BALL_MISSES_SIMPLEX,,,,,,0.54769287109375,,,INFEASIBLE_BALL_MISSES_SIMPLEX
only_correctness,"[0.0, 1.0, 0.0, 0.0, 0.0]",MaxMin,c=0.1,INFEASIBLE_BALL_MISSES_SIMPLEX,,,,,,0.54769287109375,,,INFEASIBLE_BALL_MISSES_SIMPLEX
only_correctness,"[0.0, 1.0, 0.0, 0.0, 0.0]",MaxMin,c=0.25,INFEASIBLE_BALL_MISSES_SIMPLEX,,,,,,0.54769287109375,,,INFEASIBLE_BALL_MISSES_SIMPLEX
only_correctness,"[0.0, 1.0, 0.0, 0.0, 0.0]",MaxMin,c=0.5,INFEASIBLE_BALL_MISSES_SIMPLEX,,,,,,0.54769287109375,,,INFEASIBLE_BALL_MISSES_SIMPLEX
only_correctness,"[0.0, 1.0, 0.0, 0.0, 0.0]",MaxMin,c=0.75,INFEASIBLE_BALL_MISSES_SIMPLEX,,,,,,0.54769287109375,,,INFEASIBLE_BALL_MISSES_SIMPLEX
only_correctness,"[0.0, 1.0, 0.0, 0.0, 0.0]",MaxMin,c=0.9,INFEASIBLE_BALL_MISSES_SIMPLEX,,,,,,0.54769287109375,,,INFEASIBLE_BALL_MISSES_SIMPLEX
only_correctness,"[0.0, 1.0, 0.0, 0.0, 0.0]",MaxMin,c=0.95,INFEASIBLE_BALL_MISSES_SIMPLEX,,,,,,0.54769287109375,,,INFEASIBLE_BALL_MISSES_SIMPLEX
only_correctness,"[0.0, 1.0, 0.0, 0.0, 0.0]",MaxMin,c=1.0,OK,"[0.0, 1.0, 0.0, 0.0, 0.0]",6.017426053453608e-17,6.03405582568603e-17,1.7311073790138643e-18,1.5562401647653802e-18,0.54769287109375,0.54769287109375,0.0,same merge point as baseline
only_correctness,"[0.0, 1.0, 0.0, 0.0, 0.0]",Fair,"alpha=0.0,eps=0.01",OK,"[0.010688, 0.989312, 0.0, 0.0, 0.0]",0.015115110135720236,0.014620531368831484,-0.009999999999999948,-0.009999999999999948,0.54769287109375,0.54681396484375,-0.0008789062499999778,
only_correctness,"[0.0, 1.0, 0.0, 0.0, 0.0]",Fair,"alpha=0.0,eps=0.02",OK,"[0.021376, 0.978624, 0.0, 0.0, 0.0]",0.030230220271440553,0.029241062737663043,-0.020000000000000007,-0.020000000000000007,0.54769287109375,0.55084228515625,0.003149414062500022,
only_correctness,"[0.0, 1.0, 0.0, 0.0, 0.0]",Fair,"alpha=0.0,eps=0.05",OK,"[0.05344, 0.94656, 0.0, 0.0, 0.0]",0.07557555067860135,0.07310265684415757,-0.04999999999999996,-0.04999999999999996,0.54769287109375,0.548095703125,0.0004028320312500222,
only_correctness,"[0.0, 1.0, 0.0, 0.0, 0.0]",Fair,"alpha=0.0,eps=0.1",OK,"[0.10688, 0.89312, 0.0, 0.0, 0.0]",0.15115110135720278,0.1462053136883152,-0.10000000000000003,-0.10000000000000003,0.54769287109375,0.54107666015625,-0.006616210937499978,
only_correctness,"[0.0, 1.0, 0.0, 0.0, 0.0]",Fair,"alpha=0.5,eps=0.01",OK,"[0.000102, 0.999898, 0.0, 0.0, 0.0]",0.00014401465172967916,0.00013930237452978907,-9.527859898916149e-05,-9.527859898916149e-05,0.54769287109375,0.54725341796875,-0.0004394531249999334,
only_correctness,"[0.0, 1.0, 0.0, 0.0, 0.0]",Fair,"alpha=0.5,eps=0.02",OK,"[0.000204, 0.999796, 0.0, 0.0, 0.0]",0.0002880276450791091,0.00027860314494288814,-0.00019055610081110565,-0.00019055610081110565,0.54769287109375,0.54984130859375,0.0021484375000000444,
only_correctness,"[0.0, 1.0, 0.0, 0.0, 0.0]",Fair,"alpha=0.5,eps=0.05",OK,"[0.000509, 0.999491, 0.0, 0.0, 0.0]",0.0007200732543801892,0.0006965118685203993,-0.0004763929921214798,-0.0004763929921214799,0.54769287109375,0.55018310546875,0.0024902343750000666,
only_correctness,"[0.0, 1.0, 0.0, 0.0, 0.0]",Fair,"alpha=0.5,eps=0.1",OK,"[0.001018, 0.998982, 0.0, 0.0, 0.0]",0.0014401474081501056,0.0013930246070017582,-0.0009527865792699123,-0.0009527865792699123,0.54769287109375,0.55018310546875,0.0024902343750000666,
only_correctness,"[0.0, 1.0, 0.0, 0.0, 0.0]",Fair,"alpha=1.0,eps=0.01",OK,"[5.1e-05, 0.999949, 0.0, 0.0, 0.0]",7.201010522171208e-05,6.965387567895192e-05,-4.7641138289835536e-05,-4.7641138289835536e-05,0.54769287109375,0.54769287109375,0.0,
only_correctness,"[0.0, 1.0, 0.0, 0.0, 0.0]",Fair,"alpha=1.0,eps=0.02",OK,"[0.000102, 0.999898, 0.0, 0.0, 0.0]",0.000144017021831502,0.00013930466707994722,-9.528016702460969e-05,-9.528016702460969e-05,0.54769287109375,0.54725341796875,-0.0004394531249999334,
only_correctness,"[0.0, 1.0, 0.0, 0.0, 0.0]",Fair,"alpha=1.0,eps=0.05",OK,"[0.000255, 0.999745, 0.0, 0.0, 0.0]",0.0003600488878233877,0.00034826779371554303,-0.00023820460756854582,-0.00023820460756854582,0.54769287109375,0.54984130859375,0.0021484375000000444,
only_correctness,"[0.0, 1.0, 0.0, 0.0, 0.0]",Fair,"alpha=1.0,eps=0.1",OK,"[0.000509, 0.999491, 0.0, 0.0, 0.0]",0.0007200980588933875,0.0006965358614096378,-0.00047640940252995247,-0.0004764094025299524,0.54769287109375,0.55018310546875,0.0024902343750000666,
only_correctness,"[0.0, 1.0, 0.0, 0.0, 0.0]",Fair,"alpha=2.0,eps=0.01",OK,"[2.5e-05, 0.999975, 0.0, 0.0, 0.0]",3.600529749834768e-05,3.482717471405777e-05,-2.3820731160682433e-05,-2.3820731160682433e-05,0.54769287109375,0.54769287109375,0.0,
only_correctness,"[0.0, 1.0, 0.0, 0.0, 0.0]",Fair,"alpha=2.0,eps=0.02",OK,"[5.1e-05, 0.999949, 0.0, 0.0, 0.0]",7.201059441623722e-05,6.965434886663951e-05,-4.764146193782569e-05,-4.764146193782569e-05,0.54769287109375,0.54769287109375,0.0,
only_correctness,"[0.0, 1.0, 0.0, 0.0, 0.0]",Fair,"alpha=2.0,eps=0.05",OK,"[0.000127, 0.999873, 0.0, 0.0, 0.0]",0.00018002648321301213,0.0001741358694315508,-0.00011910365297105162,-0.00011910365297105162,0.54769287109375,0.54725341796875,-0.0004394531249999334,
only_correctness,"[0.0, 1.0, 0.0, 0.0, 0.0]",Fair,"alpha=2.0,eps=0.1",OK,"[0.000255, 0.999745, 0.0, 0.0, 0.0]",0.0003600464531537463,0.00034826543871029905,-0.0002382029968177618,-0.0002382029968177618,0.54769287109375,0.54984130859375,0.0021484375000000444,
only_coherence,"[0.0, 0.0, 1.0, 0.0, 0.0]",Avg,rho=0.0,OK,"[0.0, 0.0, 1.0, 0.0, 0.0]",0.0,0.0,0.0,0.0,0.645751953125,0.645751953125,0.0,same merge point as baseline
only_coherence,"[0.0, 0.0, 1.0, 0.0, 0.0]",Avg,rho=0.1,OK,"[0.0, 0.0, 1.0, 0.0, 0.0]",0.0,0.0,0.0,0.0,0.645751953125,0.645751953125,0.0,same merge point as baseline
only_coherence,"[0.0, 0.0, 1.0, 0.0, 0.0]",Avg,rho=0.2,OK,"[0.0, 0.0, 1.0, 0.0, 0.0]",0.0,0.0,0.0,0.0,0.645751953125,0.645751953125,0.0,same merge point as baseline
only_coherence,"[0.0, 0.0, 1.0, 0.0, 0.0]",Avg,rho=0.5,OK,"[0.0, 0.0, 1.0, 0.0, 0.0]",0.0,0.0,0.0,0.0,0.645751953125,0.645751953125,0.0,same merge point as baseline
only_coherence,"[0.0, 0.0, 1.0, 0.0, 0.0]",Cert,,FLOOR_COLLAPSED,"[0.0, 0.0, 1.0, 0.0, 0.0]",0.0,0.0,0.0,0.0,0.645751953125,0.645751953125,0.0,same merge point as baseline
only_coherence,"[0.0, 0.0, 1.0, 0.0, 0.0]",MaxMin,c=0.0,INFEASIBLE_BALL_MISSES_SIMPLEX,,,,,,0.645751953125,,,INFEASIBLE_BALL_MISSES_SIMPLEX
only_coherence,"[0.0, 0.0, 1.0, 0.0, 0.0]",MaxMin,c=0.1,INFEASIBLE_BALL_MISSES_SIMPLEX,,,,,,0.645751953125,,,INFEASIBLE_BALL_MISSES_SIMPLEX
only_coherence,"[0.0, 0.0, 1.0, 0.0, 0.0]",MaxMin,c=0.25,INFEASIBLE_BALL_MISSES_SIMPLEX,,,,,,0.645751953125,,,INFEASIBLE_BALL_MISSES_SIMPLEX
only_coherence,"[0.0, 0.0, 1.0, 0.0, 0.0]",MaxMin,c=0.5,INFEASIBLE_BALL_MISSES_SIMPLEX,,,,,,0.645751953125,,,INFEASIBLE_BALL_MISSES_SIMPLEX
only_coherence,"[0.0, 0.0, 1.0, 0.0, 0.0]",MaxMin,c=0.75,INFEASIBLE_BALL_MISSES_SIMPLEX,,,,,,0.645751953125,,,INFEASIBLE_BALL_MISSES_SIMPLEX
only_coherence,"[0.0, 0.0, 1.0, 0.0, 0.0]",MaxMin,c=0.9,INFEASIBLE_BALL_MISSES_SIMPLEX,,,,,,0.645751953125,,,INFEASIBLE_BALL_MISSES_SIMPLEX
only_coherence,"[0.0, 0.0, 1.0, 0.0, 0.0]",MaxMin,c=0.95,INFEASIBLE_BALL_MISSES_SIMPLEX,,,,,,0.645751953125,,,INFEASIBLE_BALL_MISSES_SIMPLEX
only_coherence,"[0.0, 0.0, 1.0, 0.0, 0.0]",MaxMin,c=1.0,OK,"[0.0, 0.0, 1.0, 0.0, 0.0]",2.505703430702283e-16,2.452561660692593e-16,-2.1611131545774294e-16,-2.1611131545774294e-16,0.645751953125,0.645751953125,0.0,same merge point as baseline
only_coherence,"[0.0, 0.0, 1.0, 0.0, 0.0]",Fair,"alpha=0.0,eps=0.01",OK,"[0.010539, 0.0, 0.989461, 0.0, 0.0]",0.014903720039086858,0.01451793477361305,-0.009999999999999993,-0.009999999999999993,0.645751953125,0.6552734375,0.009521484375,
only_coherence,"[0.0, 0.0, 1.0, 0.0, 0.0]",Fair,"alpha=0.0,eps=0.02",OK,"[0.021077, 0.0, 0.978923, 0.0, 0.0]",0.029807440078173715,0.0290358695472261,-0.019999999999999987,-0.019999999999999987,0.645751953125,0.654345703125,0.008593749999999956,
only_coherence,"[0.0, 0.0, 1.0, 0.0, 0.0]",Fair,"alpha=0.0,eps=0.05",OK,"[0.052693, 0.0, 0.947307, 0.0, 0.0]",0.0745186001954343,0.07258967386806525,-0.04999999999999997,-0.04999999999999997,0.645751953125,0.6602294921875,0.014477539062500044,
only_coherence,"[0.0, 0.0, 1.0, 0.0, 0.0]",Fair,"alpha=0.0,eps=0.1",OK,"[0.105385, 0.0, 0.894615, 0.0, 0.0]",0.14903720039086868,0.1451793477361306,-0.10000000000000005,-0.10000000000000005,0.645751953125,0.6582275390625,0.012475585937499978,
only_coherence,"[0.0, 0.0, 1.0, 0.0, 0.0]",Fair,"alpha=0.5,eps=0.01",OK,"[0.000263, 4.9e-05, 0.999688, 0.0, 0.0]",0.00041078683613799533,0.00040086750289200095,-0.00029638006915825584,-0.00029638006915825584,0.645751953125,0.645751953125,0.0,
only_coherence,"[0.0, 0.0, 1.0, 0.0, 0.0]",Fair,"alpha=0.5,eps=0.02",OK,"[0.000525, 9.9e-05, 0.999376, 0.0, 0.0]",0.0008215775587266189,0.0008017387762587277,-0.00059276236495993,-0.00059276236495993,0.645751953125,0.64580078125,4.882812499995559e-05,
only_coherence,"[0.0, 0.0, 1.0, 0.0, 0.0]",Fair,"alpha=0.5,eps=0.05",OK,"[0.001313, 0.000246, 0.99844, 0.0, 0.0]",0.0020539432387978148,0.0020043463039464064,-0.0014819055793009138,-0.0014819055793009138,0.645751953125,0.645166015625,-0.0005859375000000222,
only_coherence,"[0.0, 0.0, 1.0, 0.0, 0.0]",Fair,"alpha=0.5,eps=0.1",OK,"[0.002627, 0.000493, 0.99688, 0.0, 0.0]",0.00410788816635377,0.004008694261130974,-0.0029638125142434383,-0.0029638125142434383,0.645751953125,0.646337890625,0.0005859375000000222,
only_coherence,"[0.0, 0.0, 1.0, 0.0, 0.0]",Fair,"alpha=1.0,eps=0.01",OK,"[0.000131, 2.5e-05, 0.999844, 0.0, 0.0]",0.0002057698671647763,0.0002008093034956739,-0.000148674849326183,-0.000148674849326183,0.645751953125,0.645751953125,0.0,
only_coherence,"[0.0, 0.0, 1.0, 0.0, 0.0]",Fair,"alpha=1.0,eps=0.02",OK,"[0.000262, 5.1e-05, 0.999687, 0.0, 0.0]",0.00041153974077243725,0.0004016186133493007,-0.0002973497051342492,-0.00029734970513424914,0.645751953125,0.645751953125,0.0,
only_coherence,"[0.0, 0.0, 1.0, 0.0, 0.0]",Fair,"alpha=1.0,eps=0.05",OK,"[0.000656, 0.000126, 0.999218, 0.0, 0.0]",0.0010288493316951029,0.0010040465136760312,-0.0007433742495365241,-0.0007433742495365241,0.645751953125,0.644873046875,-0.0008789062499999778,
only_coherence,"[0.0, 0.0, 1.0, 0.0, 0.0]",Fair,"alpha=1.0,eps=0.1",OK,"[0.001312, 0.000253, 0.998435, 0.0, 0.0]",0.0020576991439423035,0.0020080935163126422,-0.001486749365178183,-0.0014867493651781827,0.645751953125,0.645166015625,-0.0005859375000000222,
only_coherence,"[0.0, 0.0, 1.0, 0.0, 0.0]",Fair,"alpha=2.0,eps=0.01",OK,"[6.6e-05, 1.3e-05, 0.999922, 0.0, 0.0]",0.0001029768488654635,0.00010049639168745536,-7.445672277560047e-05,-7.445672277560047e-05,0.645751953125,0.645751953125,0.0,
only_coherence,"[0.0, 0.0, 1.0, 0.0, 0.0]",Fair,"alpha=2.0,eps=0.02",OK,"[0.000131, 2.6e-05, 0.999843, 0.0, 0.0]",0.00020595372719918638,0.00020099281237343219,-0.00014891347307208742,-0.00014891347307208742,0.645751953125,0.645751953125,0.0,
only_coherence,"[0.0, 0.0, 1.0, 0.0, 0.0]",Fair,"alpha=2.0,eps=0.05",OK,"[0.000328, 6.4e-05, 0.999608, 0.0, 0.0]",0.0005148842503196933,0.0005024819639714167,-0.0003722836100983077,-0.00037228361009830765,0.645751953125,0.64580078125,4.882812499995559e-05,
only_coherence,"[0.0, 0.0, 1.0, 0.0, 0.0]",Fair,"alpha=2.0,eps=0.1",OK,"[0.000656, 0.000128, 0.999216, 0.0, 0.0]",0.0010297688637457222,0.0010049642771728096,-0.0007445673499280673,-0.0007445673499280674,0.645751953125,0.644873046875,-0.0008789062499999778,
only_complexity,"[0.0, 0.0, 0.0, 1.0, 0.0]",Avg,rho=0.0,OK,"[0.0, 0.0, 0.0, 1.0, 0.0]",0.0,0.0,0.0,0.0,0.5053955078125,0.5053955078125,0.0,same merge point as baseline
only_complexity,"[0.0, 0.0, 0.0, 1.0, 0.0]",Avg,rho=0.1,OK,"[0.0, 0.0, 0.0, 1.0, 0.0]",0.0,0.0,0.0,0.0,0.5053955078125,0.5053955078125,0.0,same merge point as baseline
only_complexity,"[0.0, 0.0, 0.0, 1.0, 0.0]",Avg,rho=0.2,OK,"[0.0, 0.0, 0.0, 1.0, 0.0]",0.0,0.0,0.0,0.0,0.5053955078125,0.5053955078125,0.0,same merge point as baseline
only_complexity,"[0.0, 0.0, 0.0, 1.0, 0.0]",Avg,rho=0.5,OK,"[0.0, 0.0, 0.0, 1.0, 0.0]",0.0,0.0,0.0,0.0,0.5053955078125,0.5053955078125,0.0,same merge point as baseline
only_complexity,"[0.0, 0.0, 0.0, 1.0, 0.0]",Cert,,FLOOR_COLLAPSED,"[0.0, 0.0, 0.0, 1.0, 0.0]",0.0,0.0,0.0,0.0,0.5053955078125,0.5053955078125,0.0,same merge point as baseline
only_complexity,"[0.0, 0.0, 0.0, 1.0, 0.0]",MaxMin,c=0.0,INFEASIBLE_BALL_MISSES_SIMPLEX,,,,,,0.5053955078125,,,INFEASIBLE_BALL_MISSES_SIMPLEX
only_complexity,"[0.0, 0.0, 0.0, 1.0, 0.0]",MaxMin,c=0.1,INFEASIBLE_BALL_MISSES_SIMPLEX,,,,,,0.5053955078125,,,INFEASIBLE_BALL_MISSES_SIMPLEX
only_complexity,"[0.0, 0.0, 0.0, 1.0, 0.0]",MaxMin,c=0.25,INFEASIBLE_BALL_MISSES_SIMPLEX,,,,,,0.5053955078125,,,INFEASIBLE_BALL_MISSES_SIMPLEX
only_complexity,"[0.0, 0.0, 0.0, 1.0, 0.0]",MaxMin,c=0.5,INFEASIBLE_BALL_MISSES_SIMPLEX,,,,,,0.5053955078125,,,INFEASIBLE_BALL_MISSES_SIMPLEX
only_complexity,"[0.0, 0.0, 0.0, 1.0, 0.0]",MaxMin,c=0.75,INFEASIBLE_BALL_MISSES_SIMPLEX,,,,,,0.5053955078125,,,INFEASIBLE_BALL_MISSES_SIMPLEX
only_complexity,"[0.0, 0.0, 0.0, 1.0, 0.0]",MaxMin,c=0.9,INFEASIBLE_BALL_MISSES_SIMPLEX,,,,,,0.5053955078125,,,INFEASIBLE_BALL_MISSES_SIMPLEX
only_complexity,"[0.0, 0.0, 0.0, 1.0, 0.0]",MaxMin,c=0.95,INFEASIBLE_BALL_MISSES_SIMPLEX,,,,,,0.5053955078125,,,INFEASIBLE_BALL_MISSES_SIMPLEX
only_complexity,"[0.0, 0.0, 0.0, 1.0, 0.0]",MaxMin,c=1.0,OK,"[0.0, 0.0, 0.0, 1.0, 0.0]",3.191821415530732e-16,3.20032612797488e-16,-2.16906500984856e-16,-2.16906500984856e-16,0.5053955078125,0.5053955078125,0.0,same merge point as baseline
only_complexity,"[0.0, 0.0, 0.0, 1.0, 0.0]",Fair,"alpha=0.0,eps=0.01",OK,"[0.010155, 0.0, 0.0, 0.989845, 0.0]",0.01436182451280718,0.014251556759327814,-0.009999999999999953,-0.009999999999999953,0.5053955078125,0.5037841796875,-0.0016113281249999778,
only_complexity,"[0.0, 0.0, 0.0, 1.0, 0.0]",Fair,"alpha=0.0,eps=0.02",OK,"[0.020311, 0.0, 0.0, 0.979689, 0.0]",0.028723649025614438,0.02850311351865571,-0.020000000000000018,-0.020000000000000018,0.5053955078125,0.500634765625,-0.0047607421875,
only_complexity,"[0.0, 0.0, 0.0, 1.0, 0.0]",Fair,"alpha=0.0,eps=0.05",OK,"[0.050777, 0.0, 0.0, 0.949223, 0.0]",0.07180912256403607,0.07125778379663925,-0.04999999999999999,-0.04999999999999999,0.5053955078125,0.50732421875,0.0019287109375000222,
only_complexity,"[0.0, 0.0, 0.0, 1.0, 0.0]",Fair,"alpha=0.0,eps=0.1",OK,"[0.101553, 0.0, 0.0, 0.898447, 0.0]",0.14361824512807214,0.1425155675932785,-0.09999999999999998,-0.09999999999999998,0.5053955078125,0.5027587890625,-0.0026367187499999334,
only_complexity,"[0.0, 0.0, 0.0, 1.0, 0.0]",Fair,"alpha=0.5,eps=0.01",OK,"[0.000395, 0.000185, 0.0, 0.99942, 0.0]",0.000726067118750878,0.0007251724369087519,-0.0005710396203558974,-0.0005710396203558974,0.5053955078125,0.507568359375,0.002172851562500022,
only_complexity,"[0.0, 0.0, 0.0, 1.0, 0.0]",Fair,"alpha=0.5,eps=0.02",OK,"[0.000791, 0.00037, 0.0, 0.998839, 0.0]",0.0014521355353033353,0.001450346167740469,-0.0011420802300516003,-0.0011420802300516003,0.5053955078125,0.5081298828125,0.0027343750000000666,
only_complexity,"[0.0, 0.0, 0.0, 1.0, 0.0]",Fair,"alpha=0.5,eps=0.05",OK,"[0.001976, 0.000925, 0.0, 0.997099, 0.0]",0.0036303368505658778,0.003625863430728254,-0.0028551989653448264,-0.0028551989653448264,0.5053955078125,0.50849609375,0.0031005859375000666,
only_complexity,"[0.0, 0.0, 0.0, 1.0, 0.0]",Fair,"alpha=0.5,eps=0.1",OK,"[0.003953, 0.00185, 0.0, 0.994197, 0.0]",0.007260670523953718,0.007251723709550701,-0.005710395725716382,-0.005710395725716382,0.5053955078125,0.5035888671875,-0.0018066406250000222,
only_complexity,"[0.0, 0.0, 0.0, 1.0, 0.0]",Fair,"alpha=1.0,eps=0.01",OK,"[0.000198, 9.4e-05, 0.0, 0.999708, 0.0]",0.0003652688216971329,0.0003648369085401981,-0.0002875280735277323,-0.0002875280735277323,0.5053955078125,0.50693359375,0.0015380859375000444,
only_complexity,"[0.0, 0.0, 0.0, 1.0, 0.0]",Fair,"alpha=1.0,eps=0.02",OK,"[0.000396, 0.000189, 0.0, 0.999416, 0.0]",0.0007305375920241576,0.0007296737660316464,-0.0005750561102069957,-0.0005750561102069957,0.5053955078125,0.507568359375,0.002172851562500022,
only_complexity,"[0.0, 0.0, 0.0, 1.0, 0.0]",Fair,"alpha=1.0,eps=0.05",OK,"[0.00099, 0.000471, 0.0, 0.998539, 0.0]",0.0018263441108420171,0.0018241845450473577,-0.0014376403693920283,-0.0014376403693920283,0.5053955078125,0.5086669921875,0.003271484375000022,
only_complexity,"[0.0, 0.0, 0.0, 1.0, 0.0]",Fair,"alpha=1.0,eps=0.1",OK,"[0.001979, 0.000943, 0.0, 0.997078, 0.0]",0.003652688219576207,0.003648369087951234,-0.0028752807365999902,-0.0028752807365999907,0.5053955078125,0.50849609375,0.0031005859375000666,
only_complexity,"[0.0, 0.0, 0.0, 1.0, 0.0]",Fair,"alpha=2.0,eps=0.01",OK,"[9.9e-05, 4.8e-05, 0.0, 0.999853, 0.0]",0.00018317892183603376,0.0001829667664249577,-0.00014425389000683605,-0.00014425389000683605,0.5053955078125,0.50693359375,0.0015380859375000444,
only_complexity,"[0.0, 0.0, 0.0, 1.0, 0.0]",Fair,"alpha=2.0,eps=0.02",OK,"[0.000198, 9.5e-05, 0.0, 0.999707, 0.0]",0.0003663578410645,0.0003659335302752717,-0.0002885077783256028,-0.0002885077783256028,0.5053955078125,0.50693359375,0.0015380859375000444,
only_complexity,"[0.0, 0.0, 0.0, 1.0, 0.0]",Fair,"alpha=2.0,eps=0.05",OK,"[0.000495, 0.000238, 0.0, 0.999267, 0.0]",0.0009158946088921403,0.0009148338318484106,-0.0007212694498452543,-0.0007212694498452543,0.5053955078125,0.5081298828125,0.0027343750000000666,
only_complexity,"[0.0, 0.0, 0.0, 1.0, 0.0]",Fair,"alpha=2.0,eps=0.1",OK,"[0.00099, 0.000476, 0.0, 0.998534, 0.0]",0.0018317905679146851,0.0018296690382976076,-0.0014425403216486235,-0.0014425403216486235,0.5053955078125,0.5086669921875,0.003271484375000022,
only_verbosity,"[0.0, 0.0, 0.0, 0.0, 1.0]",Avg,rho=0.0,OK,"[0.0, 0.0, 0.0, 0.0, 1.0]",0.0,0.0,0.0,0.0,0.5949951171875,0.5949951171875,0.0,same merge point as baseline
only_verbosity,"[0.0, 0.0, 0.0, 0.0, 1.0]",Avg,rho=0.1,OK,"[0.0, 0.0, 0.0, 0.0, 1.0]",0.0,0.0,0.0,0.0,0.5949951171875,0.5949951171875,0.0,same merge point as baseline
only_verbosity,"[0.0, 0.0, 0.0, 0.0, 1.0]",Avg,rho=0.2,OK,"[0.0, 0.0, 0.0, 0.0, 1.0]",0.0,0.0,0.0,0.0,0.5949951171875,0.5949951171875,0.0,same merge point as baseline
only_verbosity,"[0.0, 0.0, 0.0, 0.0, 1.0]",Avg,rho=0.5,OK,"[0.0, 0.0, 0.0, 0.0, 1.0]",0.0,0.0,0.0,0.0,0.5949951171875,0.5949951171875,0.0,same merge point as baseline
only_verbosity,"[0.0, 0.0, 0.0, 0.0, 1.0]",Cert,,FLOOR_COLLAPSED,"[0.0, 0.0, 0.0, 0.0, 1.0]",0.0,0.0,0.0,0.0,0.5949951171875,0.5949951171875,0.0,same merge point as baseline
only_verbosity,"[0.0, 0.0, 0.0, 0.0, 1.0]",MaxMin,c=0.0,INFEASIBLE_BALL_MISSES_SIMPLEX,,,,,,0.5949951171875,,,INFEASIBLE_BALL_MISSES_SIMPLEX
only_verbosity,"[0.0, 0.0, 0.0, 0.0, 1.0]",MaxMin,c=0.1,INFEASIBLE_BALL_MISSES_SIMPLEX,,,,,,0.5949951171875,,,INFEASIBLE_BALL_MISSES_SIMPLEX
only_verbosity,"[0.0, 0.0, 0.0, 0.0, 1.0]",MaxMin,c=0.25,INFEASIBLE_BALL_MISSES_SIMPLEX,,,,,,0.5949951171875,,,INFEASIBLE_BALL_MISSES_SIMPLEX
only_verbosity,"[0.0, 0.0, 0.0, 0.0, 1.0]",MaxMin,c=0.5,INFEASIBLE_BALL_MISSES_SIMPLEX,,,,,,0.5949951171875,,,INFEASIBLE_BALL_MISSES_SIMPLEX
only_verbosity,"[0.0, 0.0, 0.0, 0.0, 1.0]",MaxMin,c=0.75,INFEASIBLE_BALL_MISSES_SIMPLEX,,,,,,0.5949951171875,,,INFEASIBLE_BALL_MISSES_SIMPLEX
only_verbosity,"[0.0, 0.0, 0.0, 0.0, 1.0]",MaxMin,c=0.9,INFEASIBLE_BALL_MISSES_SIMPLEX,,,,,,0.5949951171875,,,INFEASIBLE_BALL_MISSES_SIMPLEX
only_verbosity,"[0.0, 0.0, 0.0, 0.0, 1.0]",MaxMin,c=0.95,INFEASIBLE_BALL_MISSES_SIMPLEX,,,,,,0.5949951171875,,,INFEASIBLE_BALL_MISSES_SIMPLEX
only_verbosity,"[0.0, 0.0, 0.0, 0.0, 1.0]",MaxMin,c=1.0,OK,"[0.0, 0.0, 0.0, 0.0, 1.0]",0.0,0.0,0.0,0.0,0.5949951171875,0.5949951171875,0.0,same merge point as baseline
only_verbosity,"[0.0, 0.0, 0.0, 0.0, 1.0]",Fair,"alpha=0.0,eps=0.01",OK,"[0.010074, 0.0, 0.0, 0.0, 0.989926]",0.01424659139665786,0.014194267424119285,-0.009999999999999993,-0.009999999999999993,0.5949951171875,0.5912353515625,-0.003759765625000022,
only_verbosity,"[0.0, 0.0, 0.0, 0.0, 1.0]",Fair,"alpha=0.0,eps=0.02",OK,"[0.020148, 0.0, 0.0, 0.0, 0.979852]",0.02849318279331572,0.02838853484823857,-0.019999999999999987,-0.019999999999999987,0.5949951171875,0.5837646484375,-0.01123046875,
only_verbosity,"[0.0, 0.0, 0.0, 0.0, 1.0]",Fair,"alpha=0.0,eps=0.05",OK,"[0.050369, 0.0, 0.0, 0.0, 0.949631]",0.07123295698328931,0.07097133712059643,-0.04999999999999997,-0.04999999999999997,0.5949951171875,0.59207763671875,-0.0029174804687499556,
only_verbosity,"[0.0, 0.0, 0.0, 0.0, 1.0]",Fair,"alpha=0.0,eps=0.1",OK,"[0.100739, 0.0, 0.0, 0.0, 0.899261]",0.1424659139665787,0.14194267424119295,-0.10000000000000005,-0.10000000000000005,0.5949951171875,0.5953125,0.0003173828125000444,
only_verbosity,"[0.0, 0.0, 0.0, 0.0, 1.0]",Fair,"alpha=0.5,eps=0.01",OK,"[0.00062, 0.000392, 1.3e-05, 0.0, 0.998976]",0.0012599350850415918,0.001267861678201053,-0.00101836215420098,-0.00101836215420098,0.5949951171875,0.5944091796875,-0.0005859375000000222,
only_verbosity,"[0.0, 0.0, 0.0, 0.0, 1.0]",Fair,"alpha=0.5,eps=0.02",OK,"[0.00124, 0.000784, 2.5e-05, 0.0, 0.997951]",0.0025198701173473176,0.0025357233019461514,-0.0020367242406197582,-0.0020367242406197582,0.5949951171875,0.5937255859375,-0.0012695312499999556,
only_verbosity,"[0.0, 0.0, 0.0, 0.0, 1.0]",Fair,"alpha=0.5,eps=0.05",OK,"[0.003099, 0.00196, 6.4e-05, 0.0, 0.994878]",0.006299675305438753,0.006339308271840892,-0.00509181064694596,-0.00509181064694596,0.5949951171875,0.596630859375,0.0016357421875000666,
only_verbosity,"[0.0, 0.0, 0.0, 0.0, 1.0]",Fair,"alpha=0.5,eps=0.1",OK,"[0.006198, 0.00392, 0.000127, 0.0, 0.989755]",0.012599354090929736,0.012678620091855126,-0.010183624846409793,-0.010183624846409793,0.5949951171875,0.58720703125,-0.007788085937500022,
only_verbosity,"[0.0, 0.0, 0.0, 0.0, 1.0]",Fair,"alpha=1.0,eps=0.01",OK,"[0.00031, 0.000199, 1.2e-05, 0.0, 0.999479]",0.0006379897102344907,0.0006421497122274472,-0.000517632623106697,-0.000517632623106697,0.5949951171875,0.5949951171875,0.0,
only_verbosity,"[0.0, 0.0, 0.0, 0.0, 1.0]",Fair,"alpha=1.0,eps=0.02",OK,"[0.00062, 0.000398, 2.3e-05, 0.0, 0.998959]",0.0012759783437077152,0.0012842983391457073,-0.0010352642861883492,-0.0010352642861883492,0.5949951171875,0.5944091796875,-0.0005859375000000222,
only_verbosity,"[0.0, 0.0, 0.0, 0.0, 1.0]",Fair,"alpha=1.0,eps=0.05",OK,"[0.001551, 0.000995, 5.8e-05, 0.0, 0.997397]",0.003189945880206261,0.003210745868712767,-0.002588160730247336,-0.002588160730247336,0.5949951171875,0.5946044921875,-0.0003906249999999778,
only_verbosity,"[0.0, 0.0, 0.0, 0.0, 1.0]",Fair,"alpha=1.0,eps=0.1",OK,"[0.003101, 0.00199, 0.000116, 0.0, 0.994793]",0.006379892431227113,0.006421492431918187,-0.005176322190523661,-0.005176322190523661,0.5949951171875,0.5957763671875,0.0007812500000000666,
only_verbosity,"[0.0, 0.0, 0.0, 0.0, 1.0]",Fair,"alpha=2.0,eps=0.01",OK,"[0.0, 0.0, 0.0, 0.01, 0.99]",0.014142135623730956,0.013857169251099652,-0.009601056982681084,-0.009601056982681084,0.5949951171875,0.59853515625,0.0035400390625,
only_verbosity,"[0.0, 0.0, 0.0, 0.0, 1.0]",Fair,"alpha=2.0,eps=0.02",OK,"[0.00031, 0.000201, 1.4e-05, 0.0, 0.999475]",0.0006419370247841715,0.0006461941426004871,-0.000521794811733174,-0.000521794811733174,0.5949951171875,0.5949951171875,0.0,
only_verbosity,"[0.0, 0.0, 0.0, 0.0, 1.0]",Fair,"alpha=2.0,eps=0.05",OK,"[0.000775, 0.000501, 3.5e-05, 0.0, 0.998688]",0.0016048416266685906,0.0016154844188746983,-0.0013044863669645738,-0.0013044863669645738,0.5949951171875,0.5947021484375,-0.0002929687499999556,
only_verbosity,"[0.0, 0.0, 0.0, 0.0, 1.0]",Fair,"alpha=2.0,eps=0.1",OK,"[0.001551, 0.001003, 7.1e-05, 0.0, 0.997376]",0.0032096840961853947,0.003230969681907812,-0.002608973366543167,-0.002608973366543167,0.5949951171875,0.5946533203125,-0.0003417968750000222,
