preference_name,method,method_family,hyperparameter_id,hyperparameters_json,p_helpfulness,p_correctness,p_coherence,p_complexity,p_verbosity,lambda_helpfulness,lambda_correctness,lambda_coherence,lambda_complexity,lambda_verbosity,score_helpfulness,score_correctness,score_coherence,score_complexity,score_verbosity,min_relationship_score,lambda_sum,lambda_min,lambda_max,l1_distance_to_p,l2_distance_to_p,validation_passed
balanced,direct_preference,baseline,default,{},0.2000000000,0.2000000000,0.2000000000,0.2000000000,0.2000000000,0.2000000000,0.2000000000,0.2000000000,0.2000000000,0.2000000000,0.8169080360,0.8273677340,0.8188973300,0.7587740300,0.7564427020,0.7564427020,1.0000000000,0.2000000000,0.2000000000,0.0000000000,0.0000000000,True
balanced,uniform,baseline,default,{},0.2000000000,0.2000000000,0.2000000000,0.2000000000,0.2000000000,0.2000000000,0.2000000000,0.2000000000,0.2000000000,0.2000000000,0.8169080360,0.8273677340,0.8188973300,0.7587740300,0.7564427020,0.7564427020,1.0000000000,0.2000000000,0.2000000000,0.0000000000,0.0000000000,True
balanced,M1,MGDA-inspired,rho_0p1,"{""rho"": 0.1}",0.2000000000,0.2000000000,0.2000000000,0.2000000000,0.2000000000,0.1721450160,0.1317975681,0.1667783407,0.2625116418,0.2667674335,0.7900127542,0.7940474937,0.7905494514,0.7809764202,0.7805505535,0.7805505535,1.0000000000,0.1317975681,0.2667674335,0.2585581505,0.1220522266,True
balanced,M1,MGDA-inspired,rho_1,"{""rho"": 1.0}",0.2000000000,0.2000000000,0.2000000000,0.2000000000,0.2000000000,0.1863577263,0.1776483498,0.1848063548,0.2247736031,0.2264139660,0.8060189068,0.8147282823,0.8075702791,0.7676030283,0.7659626646,0.7659626646,1.0000000000,0.1776483498,0.2264139660,0.1023751383,0.0472015229,True
balanced,M1,MGDA-inspired,rho_10,"{""rho"": 10.0}",0.2000000000,0.2000000000,0.2000000000,0.2000000000,0.2000000000,0.1979855233,0.1969620207,0.1977922187,0.2035182444,0.2037419930,0.8153559270,0.8255908399,0.8172886366,0.7600283626,0.7577912720,0.7577912720,1.0000000000,0.1969620207,0.2037419930,0.0145204747,0.0066740009,True
balanced,M2,MGDA-inspired,rho_0p1,"{""rho"": 0.1}",0.2000000000,0.2000000000,0.2000000000,0.2000000000,0.2000000000,0.1930278088,0.1891709171,0.1923133015,0.2123443168,0.2131436559,0.8114688385,0.8211100792,0.8132522128,0.7631746015,0.7611794992,0.7611794992,1.0000000000,0.1891709171,0.2131436559,0.0509759454,0.0234542889,True
balanced,M2,MGDA-inspired,rho_1,"{""rho"": 1.0}",0.2000000000,0.2000000000,0.2000000000,0.2000000000,0.2000000000,0.1991686693,0.1987539518,0.1990900196,0.2014478245,0.2015395347,0.8162691555,0.8266370759,0.8182353461,0.7592902219,0.7569975335,0.7569975335,1.0000000000,0.1987539518,0.2015395347,0.0059747184,0.0027455735,True
balanced,M2,MGDA-inspired,rho_10,"{""rho"": 10.0}",0.2000000000,0.2000000000,0.2000000000,0.2000000000,0.2000000000,0.1999152437,0.1998734857,0.1999073019,0.2001473307,0.2001566380,0.8168430126,0.8272934211,0.8188299681,0.7588265584,0.7564991527,0.7564991527,1.0000000000,0.1998734857,0.2001566380,0.0006079374,0.0002793282,True
balanced,C1,CAGrad-inspired,c_0p25__eps_1em08,"{""c"": 0.25, ""eps"": 1e-08}",0.2000000000,0.2000000000,0.2000000000,0.2000000000,0.2000000000,0.1752780379,0.1012164927,0.1683485355,0.2753175769,0.2798393570,0.7853757308,0.7853757308,0.7853757308,0.7853757308,0.7853757308,0.7853757308,1.0000000000,0.1012164927,0.2798393570,0.3103138678,0.1530301678,True
balanced,C1,CAGrad-inspired,c_0p5__eps_1em08,"{""c"": 0.5, ""eps"": 1e-08}",0.2000000000,0.2000000000,0.2000000000,0.2000000000,0.2000000000,0.1752780379,0.1012164927,0.1683485355,0.2753175769,0.2798393570,0.7853757308,0.7853757308,0.7853757308,0.7853757308,0.7853757308,0.7853757308,1.0000000000,0.1012164927,0.2798393570,0.3103138678,0.1530301678,True
balanced,C1,CAGrad-inspired,c_1__eps_1em08,"{""c"": 1.0, ""eps"": 1e-08}",0.2000000000,0.2000000000,0.2000000000,0.2000000000,0.2000000000,0.1752780379,0.1012164927,0.1683485355,0.2753175769,0.2798393570,0.7853757308,0.7853757308,0.7853757308,0.7853757308,0.7853757308,0.7853757308,1.0000000000,0.1012164927,0.2798393570,0.3103138678,0.1530301678,True
balanced,C2,CAGrad-inspired,rho_0p1__tau_0p05,"{""rho"": 0.1, ""tau"": 0.05}",0.2000000000,0.2000000000,0.2000000000,0.2000000000,0.2000000000,0.1429465632,0.2431399411,0.1415358378,0.2327552131,0.2396224449,0.7983175425,0.8183169561,0.8005681029,0.7711985382,0.7701634535,0.7701634535,1.0000000000,0.1415358378,0.2431399411,0.2310351981,0.1057215662,True
balanced,C2,CAGrad-inspired,rho_1__tau_0p05,"{""rho"": 1.0, ""tau"": 0.05}",0.2000000000,0.2000000000,0.2000000000,0.2000000000,0.2000000000,0.1792885392,0.2017417098,0.1799402020,0.2181144729,0.2209150761,0.8076673246,0.8199525738,0.8098147815,0.7654286048,0.7638295922,0.7638295922,1.0000000000,0.1792885392,0.2209150761,0.0815425177,0.0399996025,True
balanced,C2,CAGrad-inspired,rho_0p1__tau_0p1,"{""rho"": 0.1, ""tau"": 0.1}",0.2000000000,0.2000000000,0.2000000000,0.2000000000,0.2000000000,0.1416175559,0.3094466545,0.1458995464,0.1985869482,0.2044492949,0.8112718236,0.8397120224,0.8150545373,0.7593261411,0.7572766852,0.7572766852,1.0000000000,0.1416175559,0.3094466545,0.2277918988,0.1354094973,True
balanced,C2,CAGrad-inspired,rho_1__tau_0p1,"{""rho"": 1.0, ""tau"": 0.1}",0.2000000000,0.2000000000,0.2000000000,0.2000000000,0.2000000000,0.1901489633,0.2174187237,0.1917506568,0.1998826461,0.2007990102,0.8158898324,0.8292981515,0.8183144142,0.7588955770,0.7566133271,0.7566133271,1.0000000000,0.1901489633,0.2174187237,0.0364354677,0.0216600719,True
balanced,C2,CAGrad-inspired,rho_0p1__tau_0p2,"{""rho"": 0.1, ""tau"": 0.2}",0.2000000000,0.2000000000,0.2000000000,0.2000000000,0.2000000000,0.1551448480,0.3851343378,0.1667040667,0.1452260458,0.1477907017,0.8332040904,0.8701673049,0.8388353025,0.7405066703,0.7367329435,0.7367329435,1.0000000000,0.1452260458,0.3851343378,0.3702686756,0.2076567450,True
balanced,C2,CAGrad-inspired,rho_1__tau_0p2,"{""rho"": 1.0, ""tau"": 0.2}",0.2000000000,0.2000000000,0.2000000000,0.2000000000,0.2000000000,0.1991181738,0.2301588549,0.2014436195,0.1849014573,0.1843778945,0.8226310668,0.8369386443,0.8252737991,0.7535314531,0.7507181633,0.7507181633,1.0000000000,0.1843778945,0.2301588549,0.0632049489,0.0372079879,True
balanced,P1,PCGrad-inspired,beta_0p5,"{""beta"": 0.5}",0.2000000000,0.2000000000,0.2000000000,0.2000000000,0.2000000000,0.2000000000,0.2000000000,0.2000000000,0.2000000000,0.2000000000,0.8169080360,0.8273677340,0.8188973300,0.7587740300,0.7564427020,0.7564427020,1.0000000000,0.2000000000,0.2000000000,0.0000000000,0.0000000000,True
balanced,P1,PCGrad-inspired,beta_1,"{""beta"": 1.0}",0.2000000000,0.2000000000,0.2000000000,0.2000000000,0.2000000000,0.2000000000,0.2000000000,0.2000000000,0.2000000000,0.2000000000,0.8169080360,0.8273677340,0.8188973300,0.7587740300,0.7564427020,0.7564427020,1.0000000000,0.2000000000,0.2000000000,0.0000000000,0.0000000000,True
balanced,P1,PCGrad-inspired,beta_2,"{""beta"": 2.0}",0.2000000000,0.2000000000,0.2000000000,0.2000000000,0.2000000000,0.2000000000,0.2000000000,0.2000000000,0.2000000000,0.2000000000,0.8169080360,0.8273677340,0.8188973300,0.7587740300,0.7564427020,0.7564427020,1.0000000000,0.2000000000,0.2000000000,0.0000000000,0.0000000000,True
balanced,P2,PCGrad-inspired,eps_1em08__rho_0p1,"{""eps"": 1e-08, ""rho"": 0.1}",0.2000000000,0.2000000000,0.2000000000,0.2000000000,0.2000000000,0.2000000000,0.2000000000,0.2000000000,0.2000000000,0.2000000000,0.8169080360,0.8273677340,0.8188973300,0.7587740300,0.7564427020,0.7564427020,1.0000000000,0.2000000000,0.2000000000,0.0000000000,0.0000000000,True
balanced,P2,PCGrad-inspired,eps_1em08__rho_1,"{""eps"": 1e-08, ""rho"": 1.0}",0.2000000000,0.2000000000,0.2000000000,0.2000000000,0.2000000000,0.2000000000,0.2000000000,0.2000000000,0.2000000000,0.2000000000,0.8169080360,0.8273677340,0.8188973300,0.7587740300,0.7564427020,0.7564427020,1.0000000000,0.2000000000,0.2000000000,0.0000000000,0.0000000000,True
balanced,P2,PCGrad-inspired,eps_1em08__rho_10,"{""eps"": 1e-08, ""rho"": 10.0}",0.2000000000,0.2000000000,0.2000000000,0.2000000000,0.2000000000,0.2000000000,0.2000000000,0.2000000000,0.2000000000,0.2000000000,0.8169080360,0.8273677340,0.8188973300,0.7587740300,0.7564427020,0.7564427020,1.0000000000,0.2000000000,0.2000000000,0.0000000000,0.0000000000,True
quality_focused,direct_preference,baseline,default,{},0.1500000000,0.3500000000,0.2500000000,0.1000000000,0.1500000000,0.1500000000,0.3500000000,0.2500000000,0.1000000000,0.1500000000,0.8372695580,0.8745288095,0.8574220375,0.7257025985,0.7359922620,0.7257025985,1.0000000000,0.1000000000,0.3500000000,0.0000000000,0.0000000000,True
quality_focused,uniform,baseline,default,{},0.1500000000,0.3500000000,0.2500000000,0.1000000000,0.1500000000,0.2000000000,0.2000000000,0.2000000000,0.2000000000,0.2000000000,0.8169080360,0.8273677340,0.8188973300,0.7587740300,0.7564427020,0.7564427020,1.0000000000,0.2000000000,0.2000000000,0.4000000000,0.2000000000,True
quality_focused,M1,MGDA-inspired,rho_0p1,"{""rho"": 0.1}",0.1500000000,0.3500000000,0.2500000000,0.1000000000,0.1500000000,0.1385638228,0.1876904819,0.1687035842,0.2431652919,0.2618768192,0.7903798139,0.8054671598,0.7973658439,0.7749196007,0.7780484863,0.7749196007,1.0000000000,0.1385638228,0.2618768192,0.5100842222,0.2570933615,True
quality_focused,M1,MGDA-inspired,rho_1,"{""rho"": 1.0}",0.1500000000,0.3500000000,0.2500000000,0.1000000000,0.1500000000,0.1324800041,0.3006756514,0.2156036350,0.1548397007,0.1964010088,0.8171250030,0.8489293544,0.8340013713,0.7447653063,0.7532039992,0.7447653063,1.0000000000,0.1324800041,0.3006756514,0.2024814189,0.0953068619,True
quality_focused,M1,MGDA-inspired,rho_10,"{""rho"": 10.0}",0.1500000000,0.3500000000,0.2500000000,0.1000000000,0.1500000000,0.1470895781,0.3434306001,0.2451134058,0.1076870510,0.1566793649,0.8343580961,0.8709478721,0.8541197987,0.7283833495,0.7384602296,0.7283833495,1.0000000000,0.1076870510,0.3434306001,0.0287328319,0.0133869729,True
quality_focused,M2,MGDA-inspired,rho_0p1,"{""rho"": 0.1}",0.1500000000,0.3500000000,0.2500000000,0.1000000000,0.1500000000,0.2544399583,0.0453333021,0.2245225131,0.2143083984,0.2613958281,0.8079043504,0.7938842581,0.8040136078,0.7650345370,0.7769875375,0.7650345370,1.0000000000,0.0453333021,0.2613958281,0.6602883697,0.3603526669,True
quality_focused,M2,MGDA-inspired,rho_1,"{""rho"": 1.0}",0.1500000000,0.3500000000,0.2500000000,0.1000000000,0.1500000000,0.1615278834,0.3146920509,0.2472759010,0.1128891611,0.1636150035,0.8337149554,0.8651126201,0.8512223040,0.7301762239,0.7409528429,0.7301762239,1.0000000000,0.1128891611,0.3146920509,0.0760640962,0.0416948783,True
quality_focused,M2,MGDA-inspired,rho_10,"{""rho"": 10.0}",0.1500000000,0.3500000000,0.2500000000,0.1000000000,0.1500000000,0.1511653370,0.3464116339,0.2497256791,0.1013060949,0.1513912550,0.8369066665,0.8735710856,0.8567918597,0.7261563483,0.7364986546,0.7261563483,1.0000000000,0.1013060949,0.3464116339,0.0077253741,0.0042368749,True
quality_focused,C1,CAGrad-inspired,c_0p25__eps_1em08,"{""c"": 0.25, ""eps"": 1e-08}",0.1500000000,0.3500000000,0.2500000000,0.1000000000,0.1500000000,0.1752780379,0.1012164927,0.1683485355,0.2753175769,0.2798393570,0.7853757308,0.7853757308,0.7853757308,0.7853757308,0.7853757308,0.7853757308,1.0000000000,0.1012164927,0.2798393570,0.6608699437,0.3417509119,True
quality_focused,C1,CAGrad-inspired,c_0p5__eps_1em08,"{""c"": 0.5, ""eps"": 1e-08}",0.1500000000,0.3500000000,0.2500000000,0.1000000000,0.1500000000,0.1752780379,0.1012164927,0.1683485355,0.2753175769,0.2798393570,0.7853757308,0.7853757308,0.7853757308,0.7853757308,0.7853757308,0.7853757308,1.0000000000,0.1012164927,0.2798393570,0.6608699437,0.3417509119,True
quality_focused,C1,CAGrad-inspired,c_1__eps_1em08,"{""c"": 1.0, ""eps"": 1e-08}",0.1500000000,0.3500000000,0.2500000000,0.1000000000,0.1500000000,0.1752780379,0.1012164927,0.1683485355,0.2753175769,0.2798393570,0.7853757308,0.7853757308,0.7853757308,0.7853757308,0.7853757308,0.7853757308,1.0000000000,0.1012164927,0.2798393570,0.6608699437,0.3417509119,True
quality_focused,C2,CAGrad-inspired,rho_0p1__tau_0p05,"{""rho"": 0.1, ""tau"": 0.05}",0.1500000000,0.3500000000,0.2500000000,0.1000000000,0.1500000000,0.1095227863,0.2982051697,0.1340418375,0.2221391139,0.2360910925,0.7971807406,0.8276709698,0.8042442418,0.7679885860,0.7684387482,0.7679885860,1.0000000000,0.1095227863,0.2982051697,0.4164604129,0.2002424632,True
quality_focused,C2,CAGrad-inspired,rho_1__tau_0p05,"{""rho"": 1.0, ""tau"": 0.05}",0.1500000000,0.3500000000,0.2500000000,0.1000000000,0.1500000000,0.1152482645,0.3249734564,0.2029224816,0.1638521960,0.1930036016,0.8144918878,0.8508063897,0.8322239893,0.7476079970,0.7524468408,0.7476079970,1.0000000000,0.1152482645,0.3249734564,0.2137115952,0.0998835143,True
quality_focused,C2,CAGrad-inspired,rho_0p1__tau_0p1,"{""rho"": 0.1, ""tau"": 0.1}",0.1500000000,0.3500000000,0.2500000000,0.1000000000,0.1500000000,0.0971012943,0.3816548921,0.1431513598,0.1801849835,0.1979074702,0.8106269901,0.8532454365,0.8220096450,0.7535845236,0.7542503291,0.7535845236,1.0000000000,0.0971012943,0.3816548921,0.3194946917,0.1547310391,True
quality_focused,C2,CAGrad-inspired,rho_1__tau_0p1,"{""rho"": 1.0, ""tau"": 0.1}",0.1500000000,0.3500000000,0.2500000000,0.1000000000,0.1500000000,0.1310443179,0.3464096674,0.2228158102,0.1314658330,0.1682643715,0.8265532127,0.8644511203,0.8452163566,0.7364403770,0.7431280620,0.7364403770,1.0000000000,0.1310443179,0.3464096674,0.0994604090,0.0493444471,True
quality_focused,C2,CAGrad-inspired,rho_0p1__tau_0p2,"{""rho"": 0.1, ""tau"": 0.2}",0.1500000000,0.3500000000,0.2500000000,0.1000000000,0.1500000000,0.1022169346,0.4743869241,0.1723857438,0.1147004086,0.1363099890,0.8344237171,0.8890800950,0.8506259095,0.7307758999,0.7316087916,0.7307758999,1.0000000000,0.1022169346,0.4743869241,0.2781746652,0.1555082615,True
quality_focused,C2,CAGrad-inspired,rho_1__tau_0p2,"{""rho"": 1.0, ""tau"": 0.2}",0.1500000000,0.3500000000,0.2500000000,0.1000000000,0.1500000000,0.1439483090,0.3663486540,0.2398118307,0.1038344169,0.1460567894,0.8369882664,0.8765117612,0.8565479076,0.7268722248,0.7348263668,0.7268722248,1.0000000000,0.1038344169,0.3663486540,0.0403661417,0.0209273005,True
quality_focused,P1,PCGrad-inspired,beta_0p5,"{""beta"": 0.5}",0.1500000000,0.3500000000,0.2500000000,0.1000000000,0.1500000000,0.1500000000,0.3500000000,0.2500000000,0.1000000000,0.1500000000,0.8372695580,0.8745288095,0.8574220375,0.7257025985,0.7359922620,0.7257025985,1.0000000000,0.1000000000,0.3500000000,0.0000000000,0.0000000000,True
quality_focused,P1,PCGrad-inspired,beta_1,"{""beta"": 1.0}",0.1500000000,0.3500000000,0.2500000000,0.1000000000,0.1500000000,0.1500000000,0.3500000000,0.2500000000,0.1000000000,0.1500000000,0.8372695580,0.8745288095,0.8574220375,0.7257025985,0.7359922620,0.7257025985,1.0000000000,0.1000000000,0.3500000000,0.0000000000,0.0000000000,True
quality_focused,P1,PCGrad-inspired,beta_2,"{""beta"": 2.0}",0.1500000000,0.3500000000,0.2500000000,0.1000000000,0.1500000000,0.1500000000,0.3500000000,0.2500000000,0.1000000000,0.1500000000,0.8372695580,0.8745288095,0.8574220375,0.7257025985,0.7359922620,0.7257025985,1.0000000000,0.1000000000,0.3500000000,0.0000000000,0.0000000000,True
quality_focused,P2,PCGrad-inspired,eps_1em08__rho_0p1,"{""eps"": 1e-08, ""rho"": 0.1}",0.1500000000,0.3500000000,0.2500000000,0.1000000000,0.1500000000,0.1500000000,0.3500000000,0.2500000000,0.1000000000,0.1500000000,0.8372695580,0.8745288095,0.8574220375,0.7257025985,0.7359922620,0.7257025985,1.0000000000,0.1000000000,0.3500000000,0.0000000000,0.0000000000,True
quality_focused,P2,PCGrad-inspired,eps_1em08__rho_1,"{""eps"": 1e-08, ""rho"": 1.0}",0.1500000000,0.3500000000,0.2500000000,0.1000000000,0.1500000000,0.1500000000,0.3500000000,0.2500000000,0.1000000000,0.1500000000,0.8372695580,0.8745288095,0.8574220375,0.7257025985,0.7359922620,0.7257025985,1.0000000000,0.1000000000,0.3500000000,0.0000000000,0.0000000000,True
quality_focused,P2,PCGrad-inspired,eps_1em08__rho_10,"{""eps"": 1e-08, ""rho"": 10.0}",0.1500000000,0.3500000000,0.2500000000,0.1000000000,0.1500000000,0.1500000000,0.3500000000,0.2500000000,0.1000000000,0.1500000000,0.8372695580,0.8745288095,0.8574220375,0.7257025985,0.7359922620,0.7257025985,1.0000000000,0.1000000000,0.3500000000,0.0000000000,0.0000000000,True
detailed_answer,direct_preference,baseline,default,{},0.1500000000,0.1500000000,0.2000000000,0.2500000000,0.2500000000,0.1500000000,0.1500000000,0.2000000000,0.2500000000,0.2500000000,0.7915919375,0.8021968595,0.8012780155,0.7761611315,0.7748971285,0.7748971285,1.0000000000,0.1500000000,0.2500000000,0.0000000000,0.0000000000,True
detailed_answer,uniform,baseline,default,{},0.1500000000,0.1500000000,0.2000000000,0.2500000000,0.2500000000,0.2000000000,0.2000000000,0.2000000000,0.2000000000,0.2000000000,0.8169080360,0.8273677340,0.8188973300,0.7587740300,0.7564427020,0.7564427020,1.0000000000,0.2000000000,0.2000000000,0.2000000000,0.1000000000,True
detailed_answer,M1,MGDA-inspired,rho_0p1,"{""rho"": 0.1}",0.1500000000,0.1500000000,0.2000000000,0.2500000000,0.2500000000,0.1606280824,0.1183931135,0.1747776677,0.2714406123,0.2747605241,0.7850378184,0.7892612133,0.7886229109,0.7839566962,0.7836246579,0.7836246579,1.0000000000,0.1183931135,0.2747605241,0.1136584376,0.0531121536,True
detailed_answer,M1,MGDA-inspired,rho_1,"{""rho"": 1.0}",0.1500000000,0.1500000000,0.2000000000,0.2500000000,0.2500000000,0.1496532307,0.1405665847,0.1913900517,0.2587104941,0.2596796388,0.7883643372,0.7974509837,0.7966274838,0.7793072071,0.7783377763,0.7783377763,1.0000000000,0.1405665847,0.2596796388,0.0367802658,0.0182430507,True
detailed_answer,M1,MGDA-inspired,rho_10,"{""rho"": 10.0}",0.1500000000,0.1500000000,0.2000000000,0.2500000000,0.2500000000,0.1497942834,0.1487519763,0.1988422021,0.2512445063,0.2513670319,0.7911118168,0.8015348893,0.8006326298,0.7766095894,0.7753843306,0.7753843306,1.0000000000,0.1487519763,0.2513670319,0.0052230765,0.0025214977,True
detailed_answer,M2,MGDA-inspired,rho_0p1,"{""rho"": 0.1}",0.1500000000,0.1500000000,0.2000000000,0.2500000000,0.2500000000,0.2115406711,0.2092598184,0.1997609397,0.1890361760,0.1904023948,0.8222716419,0.8324070813,0.8224373442,0.7550142137,0.7528299148,0.7528299148,1.0000000000,0.1890361760,0.2115406711,0.2416009790,0.1206958980,True
detailed_answer,M2,MGDA-inspired,rho_1,"{""rho"": 1.0}",0.1500000000,0.1500000000,0.2000000000,0.2500000000,0.2500000000,0.1568292818,0.1565908065,0.2008038205,0.2428450582,0.2429310330,0.7951256131,0.8057201137,0.8038898514,0.7736674974,0.7722915458,0.7722915458,1.0000000000,0.1565908065,0.2429310330,0.0284478176,0.0138523440,True
detailed_answer,M2,MGDA-inspired,rho_10,"{""rho"": 10.0}",0.1500000000,0.1500000000,0.2000000000,0.2500000000,0.2500000000,0.1506908138,0.1506669539,0.2000907567,0.2492717521,0.2492797235,0.7919508723,0.8025552260,0.8015452349,0.7759071978,0.7746317635,0.7746317635,1.0000000000,0.1506669539,0.2492797235,0.0028970488,0.0014069226,True
detailed_answer,C1,CAGrad-inspired,c_0p25__eps_1em08,"{""c"": 0.25, ""eps"": 1e-08}",0.1500000000,0.1500000000,0.2000000000,0.2500000000,0.2500000000,0.1752780379,0.1012164927,0.1683485355,0.2753175769,0.2798393570,0.7853757308,0.7853757308,0.7853757308,0.7853757308,0.7853757308,0.7853757308,1.0000000000,0.1012164927,0.2798393570,0.1608699437,0.0745116898,True
detailed_answer,C1,CAGrad-inspired,c_0p5__eps_1em08,"{""c"": 0.5, ""eps"": 1e-08}",0.1500000000,0.1500000000,0.2000000000,0.2500000000,0.2500000000,0.1752780379,0.1012164927,0.1683485355,0.2753175769,0.2798393570,0.7853757308,0.7853757308,0.7853757308,0.7853757308,0.7853757308,0.7853757308,1.0000000000,0.1012164927,0.2798393570,0.1608699437,0.0745116898,True
detailed_answer,C1,CAGrad-inspired,c_1__eps_1em08,"{""c"": 1.0, ""eps"": 1e-08}",0.1500000000,0.1500000000,0.2000000000,0.2500000000,0.2500000000,0.1752780379,0.1012164927,0.1683485355,0.2753175769,0.2798393570,0.7853757308,0.7853757308,0.7853757308,0.7853757308,0.7853757308,0.7853757308,1.0000000000,0.1012164927,0.2798393570,0.1608699437,0.0745116898,True
detailed_answer,C2,CAGrad-inspired,rho_0p1__tau_0p05,"{""rho"": 0.1, ""tau"": 0.05}",0.1500000000,0.1500000000,0.2000000000,0.2500000000,0.2500000000,0.1380902486,0.2299886249,0.1504687937,0.2378222966,0.2436300362,0.7956294425,0.8150637699,0.7999944774,0.7728120435,0.7717814661,0.7717814661,1.0000000000,0.1380902486,0.2436300362,0.1599772499,0.0958239824,True
detailed_answer,C2,CAGrad-inspired,rho_1__tau_0p05,"{""rho"": 1.0, ""tau"": 0.05}",0.1500000000,0.1500000000,0.2000000000,0.2500000000,0.2500000000,0.1509886124,0.1686665982,0.1909850769,0.2441067319,0.2452529807,0.7941068736,0.8064252946,0.8023483085,0.7742778094,0.7730015016,0.7730015016,1.0000000000,0.1509886124,0.2452529807,0.0393104211,0.0220896556,True
detailed_answer,C2,CAGrad-inspired,rho_0p1__tau_0p1,"{""rho"": 0.1, ""tau"": 0.1}",0.1500000000,0.1500000000,0.2000000000,0.2500000000,0.2500000000,0.1314820607,0.2916984022,0.1572666400,0.2075459693,0.2120069279,0.8064123946,0.8345029832,0.8135214759,0.7622546269,0.7602455917,0.7602455917,1.0000000000,0.1314820607,0.2916984022,0.2833968043,0.1596662443,True
detailed_answer,C2,CAGrad-inspired,rho_1__tau_0p1,"{""rho"": 1.0, ""tau"": 0.1}",0.1500000000,0.1500000000,0.2000000000,0.2500000000,0.2500000000,0.1540746292,0.1794045946,0.1994735816,0.2336093642,0.2334378304,0.7984296997,0.8120785989,0.8076360231,0.7704960064,0.7687887765,0.7687887765,1.0000000000,0.1540746292,0.2336093642,0.0669584476,0.0377421291,True
detailed_answer,C2,CAGrad-inspired,rho_0p1__tau_0p2,"{""rho"": 0.1, ""tau"": 0.2}",0.1500000000,0.1500000000,0.2000000000,0.2500000000,0.2500000000,0.1375875814,0.3621633189,0.1789932566,0.1601279912,0.1611278519,0.8251488944,0.8620959439,0.8354178535,0.7454886180,0.7418521611,0.7418521611,1.0000000000,0.1375875814,0.3621633189,0.4243266378,0.2481609598,True
detailed_answer,C2,CAGrad-inspired,rho_1__tau_0p2,"{""rho"": 1.0, ""tau"": 0.2}",0.1500000000,0.1500000000,0.2000000000,0.2500000000,0.2500000000,0.1572173547,0.1875824710,0.2061266636,0.2250932758,0.2239802349,0.8019995734,0.8165720015,0.8118426545,0.7674338118,0.7654095837,0.7654095837,1.0000000000,0.1572173547,0.2250932758,0.1018529787,0.0529097480,True
detailed_answer,P1,PCGrad-inspired,beta_0p5,"{""beta"": 0.5}",0.1500000000,0.1500000000,0.2000000000,0.2500000000,0.2500000000,0.1500000000,0.1500000000,0.2000000000,0.2500000000,0.2500000000,0.7915919375,0.8021968595,0.8012780155,0.7761611315,0.7748971285,0.7748971285,1.0000000000,0.1500000000,0.2500000000,0.0000000000,0.0000000000,True
detailed_answer,P1,PCGrad-inspired,beta_1,"{""beta"": 1.0}",0.1500000000,0.1500000000,0.2000000000,0.2500000000,0.2500000000,0.1500000000,0.1500000000,0.2000000000,0.2500000000,0.2500000000,0.7915919375,0.8021968595,0.8012780155,0.7761611315,0.7748971285,0.7748971285,1.0000000000,0.1500000000,0.2500000000,0.0000000000,0.0000000000,True
detailed_answer,P1,PCGrad-inspired,beta_2,"{""beta"": 2.0}",0.1500000000,0.1500000000,0.2000000000,0.2500000000,0.2500000000,0.1500000000,0.1500000000,0.2000000000,0.2500000000,0.2500000000,0.7915919375,0.8021968595,0.8012780155,0.7761611315,0.7748971285,0.7748971285,1.0000000000,0.1500000000,0.2500000000,0.0000000000,0.0000000000,True
detailed_answer,P2,PCGrad-inspired,eps_1em08__rho_0p1,"{""eps"": 1e-08, ""rho"": 0.1}",0.1500000000,0.1500000000,0.2000000000,0.2500000000,0.2500000000,0.1500000000,0.1500000000,0.2000000000,0.2500000000,0.2500000000,0.7915919375,0.8021968595,0.8012780155,0.7761611315,0.7748971285,0.7748971285,1.0000000000,0.1500000000,0.2500000000,0.0000000000,0.0000000000,True
detailed_answer,P2,PCGrad-inspired,eps_1em08__rho_1,"{""eps"": 1e-08, ""rho"": 1.0}",0.1500000000,0.1500000000,0.2000000000,0.2500000000,0.2500000000,0.1500000000,0.1500000000,0.2000000000,0.2500000000,0.2500000000,0.7915919375,0.8021968595,0.8012780155,0.7761611315,0.7748971285,0.7748971285,1.0000000000,0.1500000000,0.2500000000,0.0000000000,0.0000000000,True
detailed_answer,P2,PCGrad-inspired,eps_1em08__rho_10,"{""eps"": 1e-08, ""rho"": 10.0}",0.1500000000,0.1500000000,0.2000000000,0.2500000000,0.2500000000,0.1500000000,0.1500000000,0.2000000000,0.2500000000,0.2500000000,0.7915919375,0.8021968595,0.8012780155,0.7761611315,0.7748971285,0.7748971285,1.0000000000,0.1500000000,0.2500000000,0.0000000000,0.0000000000,True
helpfulness_focused,direct_preference,baseline,default,{},0.5000000000,0.1500000000,0.1500000000,0.1000000000,0.1000000000,0.5000000000,0.1500000000,0.1500000000,0.1000000000,0.1000000000,0.8941511025,0.8587728130,0.8385779190,0.7240410100,0.7190344095,0.7190344095,1.0000000000,0.1000000000,0.5000000000,0.0000000000,0.0000000000,True
helpfulness_focused,uniform,baseline,default,{},0.5000000000,0.1500000000,0.1500000000,0.1000000000,0.1000000000,0.2000000000,0.2000000000,0.2000000000,0.2000000000,0.2000000000,0.8169080360,0.8273677340,0.8188973300,0.7587740300,0.7564427020,0.7564427020,1.0000000000,0.2000000000,0.2000000000,0.6000000000,0.3391164992,True
helpfulness_focused,M1,MGDA-inspired,rho_0p1,"{""rho"": 0.1}",0.5000000000,0.1500000000,0.1500000000,0.1000000000,0.1000000000,0.2783757908,0.0869777732,0.1414994202,0.2435062047,0.2496408111,0.8110111229,0.7951509646,0.7896986649,0.7744981992,0.7738844234,0.7738844234,1.0000000000,0.0869777732,0.2783757908,0.5862940317,0.3100770133,True
helpfulness_focused,M1,MGDA-inspired,rho_1,"{""rho"": 1.0}",0.5000000000,0.1500000000,0.1500000000,0.1000000000,0.1000000000,0.4349470514,0.1170532020,0.1329520772,0.1558816488,0.1591660206,0.8647637534,0.8326576046,0.8167587298,0.7438291585,0.7405447867,0.7405447867,1.0000000000,0.1170532020,0.4349470514,0.2300953387,0.1105955964,True
helpfulness_focused,M1,MGDA-inspired,rho_10,"{""rho"": 10.0}",0.5000000000,0.1500000000,0.1500000000,0.1000000000,0.1000000000,0.4915782617,0.1450851968,0.1470502442,0.1079046954,0.1083816020,0.8901092320,0.8550398751,0.8353894090,0.7268449014,0.7220758202,0.7220758202,1.0000000000,0.1079046954,0.4915782617,0.0325725947,0.0153791250,True
helpfulness_focused,M2,MGDA-inspired,rho_0p1,"{""rho"": 0.1}",0.5000000000,0.1500000000,0.1500000000,0.1000000000,0.1000000000,0.0000000000,0.2716855630,0.2718082719,0.2282221493,0.2282840158,0.7785989653,0.8261264720,0.8255812251,0.7682060505,0.7675860594,0.7675860594,1.0000000000,0.0000000000,0.2718082719,1.0000000000,0.5590548628,True
helpfulness_focused,M2,MGDA-inspired,rho_1,"{""rho"": 1.0}",0.5000000000,0.1500000000,0.1500000000,0.1000000000,0.1000000000,0.4168844447,0.1715062909,0.1718862807,0.1198401492,0.1198828345,0.8754360674,0.8540732668,0.8371895282,0.7308554874,0.7265872942,0.7265872942,1.0000000000,0.1198401492,0.4168844447,0.1662311107,0.0929445211,True
helpfulness_focused,M2,MGDA-inspired,rho_10,"{""rho"": 10.0}",0.5000000000,0.1500000000,0.1500000000,0.1000000000,0.1000000000,0.4914781834,0.1522040447,0.1522487179,0.1020320617,0.1020369924,0.8922327791,0.8582915994,0.8384368568,0.7247389210,0.7198082362,0.7198082362,1.0000000000,0.1020320617,0.4914781834,0.0170436333,0.0095296651,True
helpfulness_focused,C1,CAGrad-inspired,c_0p25__eps_1em08,"{""c"": 0.25, ""eps"": 1e-08}",0.5000000000,0.1500000000,0.1500000000,0.1000000000,0.1000000000,0.2395860309,0.0641683866,0.1536497362,0.2684896204,0.2741062259,0.7962790749,0.7830584447,0.7830584447,0.7830584447,0.7830584447,0.7830584447,1.0000000000,0.0641683866,0.2741062259,0.6924911649,0.3659201440,True
helpfulness_focused,C1,CAGrad-inspired,c_0p5__eps_1em08,"{""c"": 0.5, ""eps"": 1e-08}",0.5000000000,0.1500000000,0.1500000000,0.1000000000,0.1000000000,0.1752780379,0.1012164927,0.1683485355,0.2753175769,0.2798393570,0.7853757308,0.7853757308,0.7853757308,0.7853757308,0.7853757308,0.7853757308,1.0000000000,0.1012164927,0.2798393570,0.7470109388,0.4138107044,True
helpfulness_focused,C1,CAGrad-inspired,c_1__eps_1em08,"{""c"": 1.0, ""eps"": 1e-08}",0.5000000000,0.1500000000,0.1500000000,0.1000000000,0.1000000000,0.1752780379,0.1012164927,0.1683485355,0.2753175769,0.2798393570,0.7853757308,0.7853757308,0.7853757308,0.7853757308,0.7853757308,0.7853757308,1.0000000000,0.1012164927,0.2798393570,0.7470109388,0.4138107044,True
helpfulness_focused,C2,CAGrad-inspired,rho_0p1__tau_0p05,"{""rho"": 0.1, ""tau"": 0.05}",0.5000000000,0.1500000000,0.1500000000,0.1000000000,0.1000000000,0.2252532997,0.2021464309,0.1203316996,0.2218085829,0.2304599869,0.8131388701,0.8168835512,0.7981425381,0.7675145572,0.7664821843,0.7664821843,1.0000000000,0.1203316996,0.2304599869,0.6088300014,0.3330800905,True
helpfulness_focused,C2,CAGrad-inspired,rho_1__tau_0p05,"{""rho"": 1.0, ""tau"": 0.05}",0.5000000000,0.1500000000,0.1500000000,0.1000000000,0.1000000000,0.4304303636,0.1326565380,0.1149542170,0.1572056228,0.1647532586,0.8635817644,0.8330672124,0.8135698053,0.7446768560,0.7422214001,0.7422214001,1.0000000000,0.1149542170,0.4304303636,0.2439177627,0.1176197460,True
helpfulness_focused,C2,CAGrad-inspired,rho_0p1__tau_0p1,"{""rho"": 0.1, ""tau"": 0.1}",0.5000000000,0.1500000000,0.1500000000,0.1000000000,0.1000000000,0.2654710890,0.2555625941,0.1117564861,0.1792667113,0.1879431195,0.8347299441,0.8395519509,0.8122695906,0.7528321245,0.7507060123,0.7507060123,1.0000000000,0.1117564861,0.2654710890,0.5455448497,0.2857044653,True
helpfulness_focused,C2,CAGrad-inspired,rho_1__tau_0p1,"{""rho"": 1.0, ""tau"": 0.1}",0.5000000000,0.1500000000,0.1500000000,0.1000000000,0.1000000000,0.4524046549,0.1533886059,0.1322586698,0.1289686347,0.1329794347,0.8771117224,0.8472166899,0.8264883743,0.7345327713,0.7308375748,0.7308375748,1.0000000000,0.1289686347,0.4524046549,0.1306733506,0.0672188905,True
helpfulness_focused,C2,CAGrad-inspired,rho_0p1__tau_0p2,"{""rho"": 0.1, ""tau"": 0.2}",0.5000000000,0.1500000000,0.1500000000,0.1000000000,0.1000000000,0.3233932916,0.3224265126,0.1207192138,0.1136926560,0.1197683260,0.8671425980,0.8733171652,0.8372828360,0.7298444245,0.7257600992,0.7257600992,1.0000000000,0.1136926560,0.3233932916,0.4117749892,0.2497127784,True
helpfulness_focused,C2,CAGrad-inspired,rho_1__tau_0p2,"{""rho"": 1.0, ""tau"": 0.2}",0.5000000000,0.1500000000,0.1500000000,0.1000000000,0.1000000000,0.4744151476,0.1714058541,0.1462264651,0.1034090735,0.1045434596,0.8896235378,0.8598524540,0.8378209518,0.7253773329,0.7206204134,0.7206204134,1.0000000000,0.1034090735,0.4744151476,0.0587167745,0.0340484894,True
helpfulness_focused,P1,PCGrad-inspired,beta_0p5,"{""beta"": 0.5}",0.5000000000,0.1500000000,0.1500000000,0.1000000000,0.1000000000,0.5000000000,0.1500000000,0.1500000000,0.1000000000,0.1000000000,0.8941511025,0.8587728130,0.8385779190,0.7240410100,0.7190344095,0.7190344095,1.0000000000,0.1000000000,0.5000000000,0.0000000000,0.0000000000,True
helpfulness_focused,P1,PCGrad-inspired,beta_1,"{""beta"": 1.0}",0.5000000000,0.1500000000,0.1500000000,0.1000000000,0.1000000000,0.5000000000,0.1500000000,0.1500000000,0.1000000000,0.1000000000,0.8941511025,0.8587728130,0.8385779190,0.7240410100,0.7190344095,0.7190344095,1.0000000000,0.1000000000,0.5000000000,0.0000000000,0.0000000000,True
helpfulness_focused,P1,PCGrad-inspired,beta_2,"{""beta"": 2.0}",0.5000000000,0.1500000000,0.1500000000,0.1000000000,0.1000000000,0.5000000000,0.1500000000,0.1500000000,0.1000000000,0.1000000000,0.8941511025,0.8587728130,0.8385779190,0.7240410100,0.7190344095,0.7190344095,1.0000000000,0.1000000000,0.5000000000,0.0000000000,0.0000000000,True
helpfulness_focused,P2,PCGrad-inspired,eps_1em08__rho_0p1,"{""eps"": 1e-08, ""rho"": 0.1}",0.5000000000,0.1500000000,0.1500000000,0.1000000000,0.1000000000,0.5000000000,0.1500000000,0.1500000000,0.1000000000,0.1000000000,0.8941511025,0.8587728130,0.8385779190,0.7240410100,0.7190344095,0.7190344095,1.0000000000,0.1000000000,0.5000000000,0.0000000000,0.0000000000,True
helpfulness_focused,P2,PCGrad-inspired,eps_1em08__rho_1,"{""eps"": 1e-08, ""rho"": 1.0}",0.5000000000,0.1500000000,0.1500000000,0.1000000000,0.1000000000,0.5000000000,0.1500000000,0.1500000000,0.1000000000,0.1000000000,0.8941511025,0.8587728130,0.8385779190,0.7240410100,0.7190344095,0.7190344095,1.0000000000,0.1000000000,0.5000000000,0.0000000000,0.0000000000,True
helpfulness_focused,P2,PCGrad-inspired,eps_1em08__rho_10,"{""eps"": 1e-08, ""rho"": 10.0}",0.5000000000,0.1500000000,0.1500000000,0.1000000000,0.1000000000,0.5000000000,0.1500000000,0.1500000000,0.1000000000,0.1000000000,0.8941511025,0.8587728130,0.8385779190,0.7240410100,0.7190344095,0.7190344095,1.0000000000,0.1000000000,0.5000000000,0.0000000000,0.0000000000,True
