p_name,method,params,label,U_p_baseline,U_p_lambda,delta_u_p,ci_low,ci_high,excludes_zero,p_value,p_holm,holm_improves,holm_harms,significant,selection_regret,baseline_regret
balanced,Avg,rho=0.5,Avg(rho=0.5),0.56482421875,0.56513671875,0.0003125,-0.0007910156250000002,0.0017285156250000002,False,0.7894,1.0,False,False,False,0.0066479492187500044,0.006960449218750053
balanced,MaxMin,c=0.0,MaxMin(c=0.0),0.56482421875,0.56513671875,0.0003125,-0.0007910156250000002,0.0017285156250000002,False,0.7894,1.0,False,False,False,0.0066479492187500044,0.006960449218750053
balanced,MaxMin,c=0.25,MaxMin(c=0.25),0.56482421875,0.564560546875,-0.000263671875,-0.0007910156250000002,0.0,False,0.7306,1.0,False,False,False,0.0072241210937500355,0.006960449218750053
balanced,MaxMin,c=0.5,MaxMin(c=0.5),0.56482421875,0.564560546875,-0.000263671875,-0.0007910156250000002,0.0,False,0.7306,1.0,False,False,False,0.0072241210937500355,0.006960449218750053
balanced,MaxMin,c=0.75,MaxMin(c=0.75),0.56482421875,0.564560546875,-0.000263671875,-0.0007910156250000002,0.0,False,0.7306,1.0,False,False,False,0.0072241210937500355,0.006960449218750053
balanced,MaxMin,c=0.9,MaxMin(c=0.9),0.56482421875,0.56482421875,0.0,0.0,0.0,False,1.0,1.0,False,False,False,0.006960449218750053,0.006960449218750053
balanced,Fair,"alpha=0.0,eps=0.02","Fair(alpha=0.0,eps=0.02)",0.56482421875,0.5629150390625001,-0.0019091796875000005,-0.007656250000000001,0.0037255859375,False,0.4878,1.0,False,False,False,0.008869628906249982,0.006960449218750053
balanced,Fair,"alpha=0.0,eps=0.05","Fair(alpha=0.0,eps=0.05)",0.56482421875,0.5651196289062501,0.0002954101562500002,-0.0060595703125,0.006838562011718748,False,0.9548,1.0,False,False,False,0.006665039062499933,0.006960449218750053
balanced,Fair,"alpha=0.0,eps=0.1","Fair(alpha=0.0,eps=0.1)",0.56482421875,0.5606201171875,-0.0042041015625000015,-0.013777099609375001,0.004726562499999999,False,0.367,1.0,False,False,False,0.011164550781250004,0.006960449218750053
balanced,Fair,"alpha=1.0,eps=0.02","Fair(alpha=1.0,eps=0.02)",0.56482421875,0.56482421875,0.0,0.0,0.0,False,1.0,1.0,False,False,False,0.006960449218750053,0.006960449218750053
balanced,Fair,"alpha=1.0,eps=0.05","Fair(alpha=1.0,eps=0.05)",0.56482421875,0.564560546875,-0.000263671875,-0.0007910156250000002,0.0,False,0.7306,1.0,False,False,False,0.0072241210937500355,0.006960449218750053
balanced,Fair,"alpha=1.0,eps=0.1","Fair(alpha=1.0,eps=0.1)",0.56482421875,0.56513671875,0.0003125,-0.0007910156250000002,0.0017285156250000002,False,0.7894,1.0,False,False,False,0.0066479492187500044,0.006960449218750053
balanced,Fair,"alpha=2.0,eps=0.02","Fair(alpha=2.0,eps=0.02)",0.56482421875,0.56482421875,0.0,0.0,0.0,False,1.0,1.0,False,False,False,0.006960449218750053,0.006960449218750053
balanced,Fair,"alpha=2.0,eps=0.05","Fair(alpha=2.0,eps=0.05)",0.56482421875,0.56482421875,0.0,0.0,0.0,False,1.0,1.0,False,False,False,0.006960449218750053,0.006960449218750053
balanced,Fair,"alpha=2.0,eps=0.1","Fair(alpha=2.0,eps=0.1)",0.56482421875,0.564560546875,-0.000263671875,-0.0007910156250000002,0.0,False,0.7306,1.0,False,False,False,0.0072241210937500355,0.006960449218750053
dominant_helpfulness,Avg,rho=0.5,Avg(rho=0.5),0.5589920043945312,0.55465087890625,-0.00434112548828125,-0.01324321746826172,0.004345779418945312,False,0.3238,1.0,False,False,False,0.01322174072265625,0.008880615234375
dominant_helpfulness,MaxMin,c=0.0,MaxMin(c=0.0),0.5589920043945312,0.554766845703125,-0.00422515869140625,-0.013446121215820313,0.00422515869140625,False,0.3476,1.0,False,False,False,0.013105773925781272,0.008880615234375
dominant_helpfulness,MaxMin,c=0.25,MaxMin(c=0.25),0.5589920043945312,0.55526123046875,-0.00373077392578125,-0.011874771118164063,0.0037049102783203117,False,0.3486,1.0,False,False,False,0.01261138916015625,0.008880615234375
dominant_helpfulness,MaxMin,c=0.5,MaxMin(c=0.5),0.5589920043945312,0.558453369140625,-0.00053863525390625,-0.006898612976074219,0.006038017272949217,False,0.877,1.0,False,False,False,0.009419250488281183,0.008880615234375
dominant_helpfulness,MaxMin,c=0.75,MaxMin(c=0.75),0.5589920043945312,0.5580245971679687,-0.0009674072265625,-0.0055604553222656245,0.0030457305908203115,False,0.6826,1.0,False,False,False,0.009848022460937522,0.008880615234375
dominant_helpfulness,MaxMin,c=0.9,MaxMin(c=0.9),0.5589920043945312,0.5612411499023438,0.0022491455078125,0.000274658203125,0.00465087890625,True,0.0154,1.0,False,False,False,0.006631469726562478,0.008880615234375
dominant_helpfulness,Fair,"alpha=0.0,eps=0.02","Fair(alpha=0.0,eps=0.02)",0.5589920043945312,0.5587066650390624,-0.00028533935546875,-0.006529273986816406,0.0060944747924804666,False,0.925,1.0,False,False,False,0.009165954589843817,0.008880615234375
dominant_helpfulness,Fair,"alpha=0.0,eps=0.05","Fair(alpha=0.0,eps=0.05)",0.5589920043945312,0.55546875,-0.00352325439453125,-0.012142982482910156,0.004684677124023434,False,0.4246,1.0,False,False,False,0.012403869628906272,0.008880615234375
dominant_helpfulness,Fair,"alpha=0.0,eps=0.1","Fair(alpha=0.0,eps=0.1)",0.5589920043945312,0.5562545776367187,-0.0027374267578125,-0.012228775024414062,0.006082229614257812,False,0.5512,1.0,False,False,False,0.011618041992187522,0.008880615234375
dominant_helpfulness,Fair,"alpha=1.0,eps=0.02","Fair(alpha=1.0,eps=0.02)",0.5589920043945312,0.5595016479492189,0.0005096435546875,0.0,0.0015289306640625,False,0.7268,1.0,False,False,False,0.008370971679687367,0.008880615234375
dominant_helpfulness,Fair,"alpha=1.0,eps=0.05","Fair(alpha=1.0,eps=0.05)",0.5589920043945312,0.5595016479492189,0.0005096435546875,0.0,0.0015289306640625,False,0.7268,1.0,False,False,False,0.008370971679687367,0.008880615234375
dominant_helpfulness,Fair,"alpha=1.0,eps=0.1","Fair(alpha=1.0,eps=0.1)",0.5589920043945312,0.5593368530273438,0.0003448486328125,-0.000494384765625,0.0015289306640625,False,0.7404,1.0,False,False,False,0.008535766601562411,0.008880615234375
dominant_helpfulness,Fair,"alpha=2.0,eps=0.02","Fair(alpha=2.0,eps=0.02)",0.5589920043945312,0.5589920043945312,0.0,0.0,0.0,False,1.0,1.0,False,False,False,0.008880615234375,0.008880615234375
dominant_helpfulness,Fair,"alpha=2.0,eps=0.05","Fair(alpha=2.0,eps=0.05)",0.5589920043945312,0.5595016479492189,0.0005096435546875,0.0,0.0015289306640625,False,0.7268,1.0,False,False,False,0.008370971679687367,0.008880615234375
dominant_helpfulness,Fair,"alpha=2.0,eps=0.1","Fair(alpha=2.0,eps=0.1)",0.5589920043945312,0.5595016479492189,0.0005096435546875,0.0,0.0015289306640625,False,0.7268,1.0,False,False,False,0.008370971679687367,0.008880615234375
dominant_correctness,Avg,rho=0.5,Avg(rho=0.5),0.5620620727539062,0.5691452026367188,0.0070831298828125,-0.0014374542236328125,0.01618659973144531,False,0.1096,1.0,False,False,False,0.0,0.007083129882812567
dominant_correctness,MaxMin,c=0.0,MaxMin(c=0.0),0.5620620727539062,0.5675765991210937,0.0055145263671875,-0.002469406127929687,0.014120635986328123,False,0.196,1.0,False,False,False,0.0015686035156250444,0.007083129882812567
dominant_correctness,MaxMin,c=0.25,MaxMin(c=0.25),0.5620620727539062,0.5639999389648438,0.0019378662109375,-0.0051303100585937495,0.00964973449707031,False,0.6156,1.0,False,False,False,0.005145263671874956,0.007083129882812567
dominant_correctness,MaxMin,c=0.5,MaxMin(c=0.5),0.5620620727539062,0.5634689331054688,0.0014068603515625,-0.005838241577148438,0.0096954345703125,False,0.7528,1.0,False,False,False,0.00567626953125,0.007083129882812567
dominant_correctness,MaxMin,c=0.75,MaxMin(c=0.75),0.5620620727539062,0.5607894897460938,-0.0012725830078125,-0.0052001953125,0.002087554931640623,False,0.5018,1.0,False,False,False,0.008355712890624978,0.007083129882812567
dominant_correctness,MaxMin,c=0.9,MaxMin(c=0.9),0.5620620727539062,0.5601181030273437,-0.0019439697265625,-0.00528564453125,0.0,False,0.2596,1.0,False,False,False,0.009027099609375089,0.007083129882812567
dominant_correctness,Fair,"alpha=0.0,eps=0.02","Fair(alpha=0.0,eps=0.02)",0.5620620727539062,0.5593307495117188,-0.0027313232421875,-0.00891754150390625,0.0022952270507812455,False,0.3406,1.0,False,False,False,0.009814453124999956,0.007083129882812567
dominant_correctness,Fair,"alpha=0.0,eps=0.05","Fair(alpha=0.0,eps=0.05)",0.5620620727539062,0.5621932983398438,0.0001312255859375,-0.008413772583007812,0.008297958374023433,False,0.9708,1.0,False,False,False,0.006951904296874978,0.007083129882812567
dominant_correctness,Fair,"alpha=0.0,eps=0.1","Fair(alpha=0.0,eps=0.1)",0.5620620727539062,0.5672149658203125,0.00515289306640625,-0.0054171371459960935,0.01612735748291015,False,0.3386,1.0,False,False,False,0.00193023681640625,0.007083129882812567
dominant_correctness,Fair,"alpha=1.0,eps=0.02","Fair(alpha=1.0,eps=0.02)",0.5620620727539062,0.5620620727539062,0.0,0.0,0.0,False,1.0,1.0,False,False,False,0.007083129882812567,0.007083129882812567
dominant_correctness,Fair,"alpha=1.0,eps=0.05","Fair(alpha=1.0,eps=0.05)",0.5620620727539062,0.5620620727539062,0.0,0.0,0.0,False,1.0,1.0,False,False,False,0.007083129882812567,0.007083129882812567
dominant_correctness,Fair,"alpha=1.0,eps=0.1","Fair(alpha=1.0,eps=0.1)",0.5620620727539062,0.5601181030273437,-0.0019439697265625,-0.00528564453125,0.0,False,0.2596,1.0,False,False,False,0.009027099609375089,0.007083129882812567
dominant_correctness,Fair,"alpha=2.0,eps=0.02","Fair(alpha=2.0,eps=0.02)",0.5620620727539062,0.5620620727539062,0.0,0.0,0.0,False,1.0,1.0,False,False,False,0.007083129882812567,0.007083129882812567
dominant_correctness,Fair,"alpha=2.0,eps=0.05","Fair(alpha=2.0,eps=0.05)",0.5620620727539062,0.5620620727539062,0.0,0.0,0.0,False,1.0,1.0,False,False,False,0.007083129882812567,0.007083129882812567
dominant_correctness,Fair,"alpha=2.0,eps=0.1","Fair(alpha=2.0,eps=0.1)",0.5620620727539062,0.5620620727539062,0.0,0.0,0.0,False,1.0,1.0,False,False,False,0.007083129882812567,0.007083129882812567
dominant_coherence,Avg,rho=0.5,Avg(rho=0.5),0.5940582275390626,0.6041152954101562,0.01005706787109375,0.002075157165527344,0.018356361389160157,True,0.0108,1.0,False,False,False,0.004974365234375,0.015031433105468617
dominant_coherence,MaxMin,c=0.0,MaxMin(c=0.0),0.5940582275390626,0.6034744262695313,0.00941619873046875,0.0010498046875,0.01753547668457031,True,0.0264,1.0,False,False,False,0.005615234374999889,0.015031433105468617
dominant_coherence,MaxMin,c=0.25,MaxMin(c=0.25),0.5940582275390626,0.5954345703125,0.0013763427734375,-0.005664215087890625,0.008215484619140623,False,0.6802,1.0,False,False,False,0.013655090332031161,0.015031433105468617
dominant_coherence,MaxMin,c=0.5,MaxMin(c=0.5),0.5940582275390626,0.595556640625,0.0014984130859375,-0.0029053497314453125,0.0064790344238281235,False,0.5212,1.0,False,False,False,0.013533020019531161,0.015031433105468617
dominant_coherence,MaxMin,c=0.75,MaxMin(c=0.75),0.5940582275390626,0.5950225830078125,0.00096435546875,-0.0020052337646484374,0.0046692657470703116,False,0.5792,1.0,False,False,False,0.014067077636718661,0.015031433105468617
dominant_coherence,MaxMin,c=0.9,MaxMin(c=0.9),0.5940582275390626,0.5943206787109374,0.000262451171875,-0.0022644805908203125,0.0036377716064453116,False,0.9418,1.0,False,False,False,0.014768981933593772,0.015031433105468617
dominant_coherence,Fair,"alpha=0.0,eps=0.02","Fair(alpha=0.0,eps=0.02)",0.5940582275390626,0.6014892578125001,0.0074310302734375,0.0032804107666015627,0.0121612548828125,True,0.0001,0.0126,True,False,True,0.007600402832031117,0.015031433105468617
dominant_coherence,Fair,"alpha=0.0,eps=0.05","Fair(alpha=0.0,eps=0.05)",0.5940582275390626,0.603118896484375,0.0090606689453125,0.0018187713623046876,0.0165374755859375,True,0.0158,1.0,False,False,False,0.005970764160156183,0.015031433105468617
dominant_coherence,Fair,"alpha=0.0,eps=0.1","Fair(alpha=0.0,eps=0.1)",0.5940582275390626,0.6005752563476563,0.00651702880859375,-0.0037664794921874996,0.016872024536132808,False,0.2126,1.0,False,False,False,0.008514404296874889,0.015031433105468617
dominant_coherence,Fair,"alpha=1.0,eps=0.02","Fair(alpha=1.0,eps=0.02)",0.5940582275390626,0.5940582275390626,0.0,0.0,0.0,False,1.0,1.0,False,False,False,0.015031433105468617,0.015031433105468617
dominant_coherence,Fair,"alpha=1.0,eps=0.05","Fair(alpha=1.0,eps=0.05)",0.5940582275390626,0.5940582275390626,0.0,0.0,0.0,False,1.0,1.0,False,False,False,0.015031433105468617,0.015031433105468617
dominant_coherence,Fair,"alpha=1.0,eps=0.1","Fair(alpha=1.0,eps=0.1)",0.5940582275390626,0.5940582275390626,0.0,0.0,0.0,False,1.0,1.0,False,False,False,0.015031433105468617,0.015031433105468617
dominant_coherence,Fair,"alpha=2.0,eps=0.02","Fair(alpha=2.0,eps=0.02)",0.5940582275390626,0.5940582275390626,0.0,0.0,0.0,False,1.0,1.0,False,False,False,0.015031433105468617,0.015031433105468617
dominant_coherence,Fair,"alpha=2.0,eps=0.05","Fair(alpha=2.0,eps=0.05)",0.5940582275390626,0.5940582275390626,0.0,0.0,0.0,False,1.0,1.0,False,False,False,0.015031433105468617,0.015031433105468617
dominant_coherence,Fair,"alpha=2.0,eps=0.1","Fair(alpha=2.0,eps=0.1)",0.5940582275390626,0.5940582275390626,0.0,0.0,0.0,False,1.0,1.0,False,False,False,0.015031433105468617,0.015031433105468617
dominant_complexity,Avg,rho=0.5,Avg(rho=0.5),0.5288772583007812,0.5246856689453125,-0.00419158935546875,-0.013858184814453126,0.005310096740722655,False,0.3842,1.0,False,False,False,0.020051574707031117,0.01585998535156241
dominant_complexity,MaxMin,c=0.0,MaxMin(c=0.0),0.5288772583007812,0.5227005004882812,-0.0061767578125,-0.014285354614257813,0.0015747833251953114,False,0.1234,1.0,False,False,False,0.022036743164062456,0.01585998535156241
dominant_complexity,MaxMin,c=0.25,MaxMin(c=0.25),0.5288772583007812,0.5250076293945313,-0.00386962890625,-0.011664276123046874,0.0034851837158203116,False,0.3182,1.0,False,False,False,0.01972961425781239,0.01585998535156241
dominant_complexity,MaxMin,c=0.5,MaxMin(c=0.5),0.5288772583007812,0.5296157836914063,0.000738525390625,-0.006518783569335937,0.00798042297363281,False,0.8496,1.0,False,False,False,0.015121459960937389,0.01585998535156241
dominant_complexity,MaxMin,c=0.75,MaxMin(c=0.75),0.5288772583007812,0.5297988891601563,0.000921630859375,-0.002935791015625,0.004730224609375,False,0.6332,1.0,False,False,False,0.014938354492187389,0.01585998535156241
dominant_complexity,MaxMin,c=0.9,MaxMin(c=0.9),0.5288772583007812,0.5296981811523438,0.0008209228515625,-0.00224609375,0.003887939453125,False,0.5846,1.0,False,False,False,0.015039062499999867,0.01585998535156241
dominant_complexity,Fair,"alpha=0.0,eps=0.02","Fair(alpha=0.0,eps=0.02)",0.5288772583007812,0.5318130493164063,0.002935791015625,-0.004074172973632812,0.009991455078125,False,0.408,1.0,False,False,False,0.012924194335937389,0.01585998535156241
dominant_complexity,Fair,"alpha=0.0,eps=0.05","Fair(alpha=0.0,eps=0.05)",0.5288772583007812,0.5301635742187499,0.00128631591796875,-0.006362991333007812,0.00916900634765625,False,0.7546,1.0,False,False,False,0.014573669433593728,0.01585998535156241
dominant_complexity,Fair,"alpha=0.0,eps=0.1","Fair(alpha=0.0,eps=0.1)",0.5288772583007812,0.5317047119140624,0.00282745361328125,-0.006274566650390625,0.011813392639160156,False,0.5474,1.0,False,False,False,0.013032531738281228,0.01585998535156241
dominant_complexity,Fair,"alpha=1.0,eps=0.02","Fair(alpha=1.0,eps=0.02)",0.5288772583007812,0.5288772583007812,0.0,0.0,0.0,False,1.0,1.0,False,False,False,0.01585998535156241,0.01585998535156241
dominant_complexity,Fair,"alpha=1.0,eps=0.05","Fair(alpha=1.0,eps=0.05)",0.5288772583007812,0.5288772583007812,0.0,0.0,0.0,False,1.0,1.0,False,False,False,0.01585998535156241,0.01585998535156241
dominant_complexity,Fair,"alpha=1.0,eps=0.1","Fair(alpha=1.0,eps=0.1)",0.5288772583007812,0.5289749145507813,9.765625e-05,0.0,0.00029296875,False,0.7382,1.0,False,False,False,0.01576232910156239,0.01585998535156241
dominant_complexity,Fair,"alpha=2.0,eps=0.02","Fair(alpha=2.0,eps=0.02)",0.5288772583007812,0.5288772583007812,0.0,0.0,0.0,False,1.0,1.0,False,False,False,0.01585998535156241,0.01585998535156241
dominant_complexity,Fair,"alpha=2.0,eps=0.05","Fair(alpha=2.0,eps=0.05)",0.5288772583007812,0.5288772583007812,0.0,0.0,0.0,False,1.0,1.0,False,False,False,0.01585998535156241,0.01585998535156241
dominant_complexity,Fair,"alpha=2.0,eps=0.1","Fair(alpha=2.0,eps=0.1)",0.5288772583007812,0.5288772583007812,0.0,0.0,0.0,False,1.0,1.0,False,False,False,0.01585998535156241,0.01585998535156241
dominant_verbosity,Avg,rho=0.5,Avg(rho=0.5),0.5688934326171875,0.5623092651367188,-0.00658416748046875,-0.015640296936035157,0.0024139404296875,False,0.1532,1.0,False,False,False,0.00751495361328125,0.0009307861328125
dominant_verbosity,MaxMin,c=0.0,MaxMin(c=0.0),0.5688934326171875,0.5631057739257812,-0.00578765869140625,-0.014559974670410156,0.0028581619262695286,False,0.1924,1.0,False,False,False,0.006718444824218794,0.0009307861328125
dominant_verbosity,MaxMin,c=0.25,MaxMin(c=0.25),0.5688934326171875,0.5636886596679688,-0.00520477294921875,-0.013821601867675781,0.0030933380126953068,False,0.2312,1.0,False,False,False,0.006135559082031228,0.0009307861328125
dominant_verbosity,MaxMin,c=0.5,MaxMin(c=0.5),0.5688934326171875,0.5628494262695313,-0.00604400634765625,-0.01353626251220703,0.0010398864746093638,False,0.095,1.0,False,False,False,0.006974792480468728,0.0009307861328125
dominant_verbosity,MaxMin,c=0.75,MaxMin(c=0.75),0.5688934326171875,0.5661376953125,-0.0027557373046875,-0.008963088989257812,0.003030624389648434,False,0.3676,1.0,False,False,False,0.003686523437499978,0.0009307861328125
dominant_verbosity,MaxMin,c=0.9,MaxMin(c=0.9),0.5688934326171875,0.5679412841796876,-0.0009521484375,-0.005643081665039062,0.0023529815673828114,False,0.7316,1.0,False,False,False,0.0018829345703124112,0.0009307861328125
dominant_verbosity,Fair,"alpha=0.0,eps=0.02","Fair(alpha=0.0,eps=0.02)",0.5688934326171875,0.5659698486328125,-0.002923583984375,-0.009961166381835937,0.0039947509765625,False,0.4074,1.0,False,False,False,0.003854370117187478,0.0009307861328125
dominant_verbosity,Fair,"alpha=0.0,eps=0.05","Fair(alpha=0.0,eps=0.05)",0.5688934326171875,0.566424560546875,-0.0024688720703125,-0.0113494873046875,0.006372146606445312,False,0.5712,1.0,False,False,False,0.0033996582031250444,0.0009307861328125
dominant_verbosity,Fair,"alpha=0.0,eps=0.1","Fair(alpha=0.0,eps=0.1)",0.5688934326171875,0.56195068359375,-0.0069427490234375,-0.016931228637695313,0.0024933624267578116,False,0.153,1.0,False,False,False,0.00787353515625,0.0009307861328125
dominant_verbosity,Fair,"alpha=1.0,eps=0.02","Fair(alpha=1.0,eps=0.02)",0.5688934326171875,0.569427490234375,0.0005340576171875,0.0,0.0016021728515625,False,0.725,1.0,False,False,False,0.000396728515625,0.0009307861328125
dominant_verbosity,Fair,"alpha=1.0,eps=0.05","Fair(alpha=1.0,eps=0.05)",0.5688934326171875,0.569427490234375,0.0005340576171875,0.0,0.0016021728515625,False,0.725,1.0,False,False,False,0.000396728515625,0.0009307861328125
dominant_verbosity,Fair,"alpha=1.0,eps=0.1","Fair(alpha=1.0,eps=0.1)",0.5688934326171875,0.56982421875,0.0009307861328125,0.0,0.0023956298828125,False,0.2722,1.0,False,False,False,0.0,0.0009307861328125
dominant_verbosity,Fair,"alpha=2.0,eps=0.02","Fair(alpha=2.0,eps=0.02)",0.5688934326171875,0.5688934326171875,0.0,0.0,0.0,False,1.0,1.0,False,False,False,0.0009307861328125,0.0009307861328125
dominant_verbosity,Fair,"alpha=2.0,eps=0.05","Fair(alpha=2.0,eps=0.05)",0.5688934326171875,0.569427490234375,0.0005340576171875,0.0,0.0016021728515625,False,0.725,1.0,False,False,False,0.000396728515625,0.0009307861328125
dominant_verbosity,Fair,"alpha=2.0,eps=0.1","Fair(alpha=2.0,eps=0.1)",0.5688934326171875,0.569427490234375,0.0005340576171875,0.0,0.0016021728515625,False,0.725,1.0,False,False,False,0.000396728515625,0.0009307861328125
only_correctness,Fair,"alpha=0.0,eps=0.02","Fair(alpha=0.0,eps=0.02)",0.5603271484375,0.5626708984375,0.00234375,-0.0033447265625,0.007421875,False,0.3822,1.0,False,False,False,0.0020751953125,0.004418945312499978
only_correctness,Fair,"alpha=0.0,eps=0.05","Fair(alpha=0.0,eps=0.05)",0.5603271484375,0.5622802734375,0.001953125,-0.003955078125,0.007324829101562491,False,0.4808,1.0,False,False,False,0.002465820312499978,0.004418945312499978
only_correctness,Fair,"alpha=0.0,eps=0.1","Fair(alpha=0.0,eps=0.1)",0.5603271484375,0.562353515625,0.0020263671875,-0.0070806884765624994,0.0104248046875,False,0.6422,1.0,False,False,False,0.0023925781249999334,0.004418945312499978
only_correctness,Fair,"alpha=1.0,eps=0.02","Fair(alpha=1.0,eps=0.02)",0.5603271484375,0.5603271484375,0.0,0.0,0.0,False,1.0,1.0,False,False,False,0.004418945312499978,0.004418945312499978
only_correctness,Fair,"alpha=1.0,eps=0.05","Fair(alpha=1.0,eps=0.05)",0.5603271484375,0.560546875,0.0002197265625,0.0,0.0006591796875,False,0.7314,1.0,False,False,False,0.004199218749999956,0.004418945312499978
only_correctness,Fair,"alpha=1.0,eps=0.1","Fair(alpha=1.0,eps=0.1)",0.5603271484375,0.560546875,0.0002197265625,0.0,0.0006591796875,False,0.7314,1.0,False,False,False,0.004199218749999956,0.004418945312499978
only_correctness,Fair,"alpha=2.0,eps=0.02","Fair(alpha=2.0,eps=0.02)",0.5603271484375,0.5603271484375,0.0,0.0,0.0,False,1.0,1.0,False,False,False,0.004418945312499978,0.004418945312499978
only_correctness,Fair,"alpha=2.0,eps=0.05","Fair(alpha=2.0,eps=0.05)",0.5603271484375,0.5603271484375,0.0,0.0,0.0,False,1.0,1.0,False,False,False,0.004418945312499978,0.004418945312499978
only_correctness,Fair,"alpha=2.0,eps=0.1","Fair(alpha=2.0,eps=0.1)",0.5603271484375,0.560546875,0.0002197265625,0.0,0.0006591796875,False,0.7314,1.0,False,False,False,0.004199218749999956,0.004418945312499978
only_coherence,Fair,"alpha=0.0,eps=0.02","Fair(alpha=0.0,eps=0.02)",0.6642333984375,0.6630126953125,-0.001220703125,-0.004638671875,0.001318359375,False,0.4664,1.0,False,False,False,0.008251953125000044,0.007031250000000044
only_coherence,Fair,"alpha=0.0,eps=0.05","Fair(alpha=0.0,eps=0.05)",0.6642333984375,0.6638916015625,-0.000341796875,-0.0048828125,0.004150390625,False,0.9058,1.0,False,False,False,0.007373046874999956,0.007031250000000044
only_coherence,Fair,"alpha=0.0,eps=0.1","Fair(alpha=0.0,eps=0.1)",0.6642333984375,0.6634521484375,-0.00078125,-0.00673828125,0.005323486328124983,False,0.8274,1.0,False,False,False,0.0078125,0.007031250000000044
only_coherence,Fair,"alpha=1.0,eps=0.02","Fair(alpha=1.0,eps=0.02)",0.6642333984375,0.6647216796875,0.00048828125,0.0,0.00146484375,False,0.7054,1.0,False,False,False,0.006542968750000044,0.007031250000000044
only_coherence,Fair,"alpha=1.0,eps=0.05","Fair(alpha=1.0,eps=0.05)",0.6642333984375,0.6647216796875,0.00048828125,0.0,0.00146484375,False,0.7054,1.0,False,False,False,0.006542968750000044,0.007031250000000044
only_coherence,Fair,"alpha=1.0,eps=0.1","Fair(alpha=1.0,eps=0.1)",0.6642333984375,0.6647216796875,0.00048828125,0.0,0.00146484375,False,0.7054,1.0,False,False,False,0.006542968750000044,0.007031250000000044
only_coherence,Fair,"alpha=2.0,eps=0.02","Fair(alpha=2.0,eps=0.02)",0.6642333984375,0.6642333984375,0.0,0.0,0.0,False,1.0,1.0,False,False,False,0.007031250000000044,0.007031250000000044
only_coherence,Fair,"alpha=2.0,eps=0.05","Fair(alpha=2.0,eps=0.05)",0.6642333984375,0.6647216796875,0.00048828125,0.0,0.00146484375,False,0.7054,1.0,False,False,False,0.006542968750000044,0.007031250000000044
only_coherence,Fair,"alpha=2.0,eps=0.1","Fair(alpha=2.0,eps=0.1)",0.6642333984375,0.6647216796875,0.00048828125,0.0,0.00146484375,False,0.7054,1.0,False,False,False,0.006542968750000044,0.007031250000000044
only_complexity,Fair,"alpha=0.0,eps=0.02","Fair(alpha=0.0,eps=0.02)",0.4899169921875,0.489453125,-0.0004638671875,-0.0056396484375,0.005224609375,False,0.816,1.0,False,False,False,0.014477539062499989,0.014013671874999967
only_complexity,Fair,"alpha=0.0,eps=0.05","Fair(alpha=0.0,eps=0.05)",0.4899169921875,0.4866455078125,-0.003271484375,-0.0118896484375,0.005078125,False,0.448,1.0,False,False,False,0.01728515624999999,0.014013671874999967
only_complexity,Fair,"alpha=0.0,eps=0.1","Fair(alpha=0.0,eps=0.1)",0.4899169921875,0.4845458984375,-0.00537109375,-0.014697265625,0.003955078125,False,0.2614,1.0,False,False,False,0.019384765624999967,0.014013671874999967
only_complexity,Fair,"alpha=1.0,eps=0.02","Fair(alpha=1.0,eps=0.02)",0.4899169921875,0.4899169921875,0.0,0.0,0.0,False,1.0,1.0,False,False,False,0.014013671874999967,0.014013671874999967
only_complexity,Fair,"alpha=1.0,eps=0.05","Fair(alpha=1.0,eps=0.05)",0.4899169921875,0.4899169921875,0.0,0.0,0.0,False,1.0,1.0,False,False,False,0.014013671874999967,0.014013671874999967
only_complexity,Fair,"alpha=1.0,eps=0.1","Fair(alpha=1.0,eps=0.1)",0.4899169921875,0.4899169921875,0.0,0.0,0.0,False,1.0,1.0,False,False,False,0.014013671874999967,0.014013671874999967
only_complexity,Fair,"alpha=2.0,eps=0.02","Fair(alpha=2.0,eps=0.02)",0.4899169921875,0.4899169921875,0.0,0.0,0.0,False,1.0,1.0,False,False,False,0.014013671874999967,0.014013671874999967
only_complexity,Fair,"alpha=2.0,eps=0.05","Fair(alpha=2.0,eps=0.05)",0.4899169921875,0.4899169921875,0.0,0.0,0.0,False,1.0,1.0,False,False,False,0.014013671874999967,0.014013671874999967
only_complexity,Fair,"alpha=2.0,eps=0.1","Fair(alpha=2.0,eps=0.1)",0.4899169921875,0.4899169921875,0.0,0.0,0.0,False,1.0,1.0,False,False,False,0.014013671874999967,0.014013671874999967
only_verbosity,Fair,"alpha=0.0,eps=0.02","Fair(alpha=0.0,eps=0.02)",0.5650146484375,0.5665283203125,0.001513671875,-0.00029296875,0.00419921875,False,0.2716,1.0,False,False,False,0.010290527343750022,0.011804199218749978
only_verbosity,Fair,"alpha=0.0,eps=0.05","Fair(alpha=0.0,eps=0.05)",0.5650146484375,0.566455078125,0.0014404296875,-0.0039801025390625,0.006787109375,False,0.614,1.0,False,False,False,0.010363769531250067,0.011804199218749978
only_verbosity,Fair,"alpha=0.0,eps=0.1","Fair(alpha=0.0,eps=0.1)",0.5650146484375,0.5634033203125,-0.001611328125,-0.0097900390625,0.005933227539062491,False,0.6886,1.0,False,False,False,0.013415527343750067,0.011804199218749978
only_verbosity,Fair,"alpha=1.0,eps=0.02","Fair(alpha=1.0,eps=0.02)",0.5650146484375,0.5650146484375,0.0,0.0,0.0,False,1.0,1.0,False,False,False,0.011804199218749978,0.011804199218749978
only_verbosity,Fair,"alpha=1.0,eps=0.05","Fair(alpha=1.0,eps=0.05)",0.5650146484375,0.5650146484375,0.0,0.0,0.0,False,1.0,1.0,False,False,False,0.011804199218749978,0.011804199218749978
only_verbosity,Fair,"alpha=1.0,eps=0.1","Fair(alpha=1.0,eps=0.1)",0.5650146484375,0.5650146484375,0.0,0.0,0.0,False,1.0,1.0,False,False,False,0.011804199218749978,0.011804199218749978
only_verbosity,Fair,"alpha=2.0,eps=0.02","Fair(alpha=2.0,eps=0.02)",0.5650146484375,0.5650146484375,0.0,0.0,0.0,False,1.0,1.0,False,False,False,0.011804199218749978,0.011804199218749978
only_verbosity,Fair,"alpha=2.0,eps=0.05","Fair(alpha=2.0,eps=0.05)",0.5650146484375,0.5650146484375,0.0,0.0,0.0,False,1.0,1.0,False,False,False,0.011804199218749978,0.011804199218749978
only_verbosity,Fair,"alpha=2.0,eps=0.1","Fair(alpha=2.0,eps=0.1)",0.5650146484375,0.5650146484375,0.0,0.0,0.0,False,1.0,1.0,False,False,False,0.011804199218749978,0.011804199218749978
