merge_name,lambda_helpfulness,lambda_correctness,lambda_coherence,lambda_complexity,lambda_verbosity,mean_helpfulness_proxy,mean_correctness_proxy,mean_coherence_proxy,mean_complexity_proxy,mean_verbosity_proxy,mean_response_length,num_responses,utility_balanced,utility_quality_focused,utility_detailed_answer,utility_helpfulness_focused
concise_quality,0.3,0.3,0.3,0.05,0.05,0.460417,0.4125,0.1375,0.322279,0.279166,33.5,4,0.322373,0.333197,0.335946,0.391395
detailed_answer,0.25,0.25,0.2,0.15,0.15,0.398542,0.39875,0.205979,0.401736,0.214583,25.75,4,0.323918,0.331797,0.332967,0.36123
helpful_correct_coherent,0.4,0.3,0.2,0.05,0.05,0.488542,0.41875,0.28125,0.350452,0.285417,34.25,4,0.364882,0.388356,0.378453,0.426712
one_hot_coherence,0.0,0.0,1.0,0.0,0.0,0.883333,0.533334,0.74375,0.470848,0.672917,80.75,4,0.660836,0.705313,0.674481,0.772085
one_hot_complexity,0.0,0.0,0.0,1.0,0.0,0.708333,0.466667,0.712676,0.578597,0.689583,82.75,4,0.631171,0.629712,0.626512,0.669752
one_hot_correctness,0.0,1.0,0.0,0.0,0.0,0.854167,0.529167,0.775,0.577864,0.65,78.0,4,0.67724,0.708893,0.685013,0.765703
one_hot_helpfulness,1.0,0.0,0.0,0.0,0.0,0.883333,0.5,0.725,0.601722,0.652083,78.25,4,0.672428,0.69519,0.678904,0.777881
one_hot_verbosity,0.0,0.0,0.0,0.0,1.0,0.854167,0.5,0.8,0.461826,0.695833,83.5,4,0.662365,0.704133,0.672191,0.758266
uniform,0.2,0.2,0.2,0.2,0.2,0.561042,0.42375,0.218176,0.563083,0.397917,47.75,4,0.432794,0.40894,0.433983,0.496918
