preference_name,method,tau,p_helpful,p_harmless,lambda_helpful,lambda_harmless,mean_helpfulness_proxy,mean_harmlessness_proxy,mean_length,num_responses,utility,l1_distance_to_p,l2_distance_to_p,best_grid_utility_if_available,gap_to_best_grid_if_available
p_50_50,uniform,,0.5,0.5,0.5,0.5,0.7666666666666666,0.65,66.66666666666667,3,0.7083333333333333,0.0,0.0,0.708333,3.333333332689037e-07
p_50_50,direct_preference,,0.5,0.5,0.5,0.5,0.7666666666666666,0.65,66.66666666666667,3,0.7083333333333333,0.0,0.0,0.708333,3.333333332689037e-07
p_50_50,M1,1.0,0.5,0.5,0.5,0.5,0.7666666666666666,0.65,66.66666666666667,3,0.7083333333333333,0.0,0.0,0.708333,3.333333332689037e-07
p_80_20,uniform,,0.8,0.2,0.5,0.5,0.7666666666666666,0.65,66.66666666666667,3,0.7433333333333333,0.6000000000000001,0.42426406871192857,0.743333,3.333333332689037e-07
p_80_20,direct_preference,,0.8,0.2,0.8,0.2,0.766667,0.7083333333333334,67.0,3,0.7550002666666668,0.0,0.0,0.743333,0.011667266666666731
p_80_20,M1,1.0,0.8,0.2,0.806559036982486,0.19344096301751396,0.766667,0.7083333333333334,65.33333333333333,3,0.7550002666666668,0.013118073964971999,0.009275879056738401,0.743333,0.011667266666666731
p_20_80,uniform,,0.2,0.8,0.5,0.5,0.7666666666666666,0.65,66.66666666666667,3,0.6733333333333333,0.6000000000000001,0.42426406871192857,0.673333,3.33333333379926e-07
p_20_80,direct_preference,,0.2,0.8,0.2,0.8,0.7277776666666668,0.65,57.333333333333336,3,0.6655555333333334,0.0,0.0,0.673333,-0.007777466666666566
p_20_80,M1,1.0,0.2,0.8,0.19344096301751396,0.806559036982486,0.7277776666666668,0.65,62.666666666666664,3,0.6655555333333334,0.013118073964971999,0.009275879056738401,0.673333,-0.007777466666666566
